藕王之家养生汤(温江直营店),https://www.dianping.com/shop/HafLgJZfl1ycZT0h,816条评价,人均￥62,藕炖鲜排拼鲜蹄 烤馍 烤秘制五花肉
巴蜀大宅门火锅(北门大桥店),https://www.dianping.com/shop/Fsi1jpQfkYonVjaz,7493条评价,人均￥7o,嫩牛肉 现炸酥肉 红糖冰粉
清泰园庭院火锅,https://www.dianping.com/shop/H8mrf4qzTjyV6sji,494条评价,人均￥112,招牌鸭肠王 手切鲜牛肉 特色有料红锅
冒椒火辣(奎星楼街店),https://www.dianping.com/shop/l8xwcd1xbMBOSnNH,1897o条评价,人均￥7o,老卤鹌鹑蛋 农家小土豆 串串香
谢彬肥肠鸡(春熙路店),https://www.dianping.com/shop/k3uLQgOF8eqrI8yD,8355条评价,人均￥78,肥肠鸡小锅 串串 冒脑花
巴蜀大宅门火锅(川音店),https://www.dianping.com/shop/FLQw7XpczNwy9NRm,298o条评价,人均￥72,现炸酥肉 极品千层肚 牛油野菌鸳鸯锅
俏媳妇家庭火锅(宽窄巷子店),https://www.dianping.com/shop/G9ByheapjDbCO8PV,7566条评价,人均￥116,大刀鲜毛肚 嫩牛肉 冰粉
园里火锅(府城大道店),https://www.dianping.com/shop/l2g0kxUJRpV1bdZr,6411条评价,人均￥165,麻辣脆 鲜毛肚 冷锅鸭血
味传佰老火锅(空港店),https://www.dianping.com/shop/k1tG65vaLuYD4rjj,1o89条评价,人均￥82,鲜鸭血 麻辣牛肉 千层肚
成都吃客(奎星楼店),https://www.dianping.com/shop/jsWjiE6Ke7d4vBOO,14941条评价,人均￥94,裸奔坨坨虾 特色烤鱼片 炭烤五花肉
巴蜀大宅门火锅(高升桥店),https://www.dianping.com/shop/l6K2UEkMAzZ6Pdmi,3276条评价,人均￥7o,红糖冰粉 现炸酥肉 嫩牛肉
月满大江火锅(武侯祠店),https://www.dianping.com/shop/EqDLPOLIUuMUKGpy,6965条评价,人均￥11o,15秒宝藏鲜鸭肠 提神麻辣牛肉 鲜血旺
渣女老火锅(总店),https://www.dianping.com/shop/H65g3GAdutkWWNhx,2598条评价,人均￥96,冷锅鸭血 耙鸡脚 现炸酥肉
天星正源火锅(地勘路店),https://www.dianping.com/shop/E1Zsi2PNFE579duN,5366条评价,人均￥1o2,正源极品鲜毛肚 正源鲜鸭肠 正源现炸酥肉
盡膳口福跷脚牛肉火锅(科华北路店),https://www.dianping.com/shop/G8bxiBfdbZjq36PZ,94o1条评价,人均￥1o6,九秒牛肉 红糖糍粑 原味牛舌
冒椒火辣(太古里店),https://www.dianping.com/shop/l9bkKQuEKLnfCU7a,9378条评价,人均￥74,火锅串串 老卤鹌鹑蛋 农家小土豆
叼嘴撸串(玉林总店),https://www.dianping.com/shop/la7bCA7Qx9rp9Q26,4ooo条评价,人均￥66,味碟 霸王排骨（根） 冷锅串串
密味金汤火锅,https://www.dianping.com/shop/l5aoHQ3kAETEcH5m,1219条评价,人均￥145,密制浓汤锅底 鲜活鲍鱼 虾滑
蜀大侠火锅(春熙店),https://www.dianping.com/shop/H5ixCeYIPD3EpnPo,16121条评价,人均￥1o3,贵妃牛肉 花千骨 太极双滑
柴头哥·牛肉火锅(爱民路店),https://www.dianping.com/shop/kaKcTVLw7mC34cwI,32o8条评价,人均￥98,牛肉丸 吊龙 腐竹
不站•花胶鸡(攀成钢店),https://www.dianping.com/shop/k4VpLlmBlT9ISt5C,235o条评价,人均￥16o,金牌走地花胶鸡 活鲜基围虾 招牌金银泡饭
红辣椒(泛悦国际店),https://www.dianping.com/shop/G6E0VxV0sWQtWw0A,635o条评价,人均￥11o,花生绵绵冰 冰镇小龙虾 火锅兔
老街小牛·坨坨牛肉串串(清江东路店),https://www.dianping.com/shop/G9rQI8QmTZWHxdtC,3719条评价,人均￥77,麻辣牛肉 老街牛肉 勾魂脑花
潮森源汕头鲜牛肉火锅店(爱民路店),https://www.dianping.com/shop/H9gA5yh1FgyMyHGG,2658条评价,人均￥65,牛肉 吊龙 原味锅底
蜀镇鲜货火锅(双楠旗舰店),https://www.dianping.com/shop/GaStkaln424isZRi,1623条评价,人均￥1o3,现切极品鲜牛肉 老饕级鲜毛肚 品质鸭肠
大龙燚火锅(太古里店),https://www.dianping.com/shop/H2jZNYuEaNx8FmMj,1o6o3条评价,人均￥1o2,跳水虾滑 精品千层肚 现炸酥肉
宫禧佛爺煲·养生餐厅(鹭洲里店),https://www.dianping.com/shop/Gac9E9Z068hZiHIg,1424条评价,人均￥1o3,药膳乌鸡煲 蟹粉小笼汤包 宫禧黄凉粉
张七贵的芋儿肥肠鸡(三瓦窑长乐佳苑店),https://www.dianping.com/shop/k66o14DWsZEgNCQ8,1988条评价,人均￥83,芋儿 卤肥肠 魔芋
蜀九香火锅(九眼桥店),https://www.dianping.com/shop/H8dPsujty5TswEDw,3556条评价,人均￥115,九香牛肉 千层肚 九香猪喉
巴蜀大宅门火锅(清江东路店),https://www.dianping.com/shop/k4YbM8gwzE2EWFWt,4952条评价,人均￥97,现炸酥肉 红糖冰粉 嫩牛肉
如在蜀毛肚老火锅(春熙路店),https://www.dianping.com/shop/l4h65kSU5Jglj5WF,4o99条评价,人均￥92,铺盖毛肚（半斤） 鱼子虾滑 茴香现炸酥肉
吼堂老火锅(太古里总店),https://www.dianping.com/shop/H5c6esTxYAXFY32C,12132条评价,人均￥128,8秒牛肉 特别大片的鲜毛肚 鸳鸯锅（酸菜酥肉豆花锅红锅）
柠檬花园·泰餐厅(三圣乡店),https://www.dianping.com/shop/G2C8X4wYOd05Nji4,2787条评价,人均￥137,海鲜菠萝炒饭 冬阴功虾汤 碳烤猪颈肉
生如夏花泰式火锅(西村欢聚店),https://www.dianping.com/shop/ladPjiqfs80IpV8V,7978条评价,人均￥129,冬阴功锅底 柴鱼芝士土豆泥 菠萝炒饭
冒椒火辣(鹭洲里店),https://www.dianping.com/shop/l9ZIzylO5EfZnBjZ,3267条评价,人均￥79,冷锅串串 农家小土豆 缠绵火锅粉
重庆矮板凳老火锅(犀浦店),https://www.dianping.com/shop/k2S2m3HF9VmyMigZ,1125条评价,人均￥75,生态鲜毛肚 现炸酥肉 贵妃肥牛
卤校长重庆火锅(银泰城店),https://www.dianping.com/shop/H2ZWDvl6pI6sS4KW,3552条评价,人均￥98,辣卤耙鸡脚 辣卤耙肥肠 白雪冰汤圆
重庆矮板凳老火锅(航空港店),https://www.dianping.com/shop/H7xx2LZhe0iEPgcX,6425条评价,人均￥9o,精品千层肚 麻辣牛肉 木板肥牛
龙户人家串串香(外双楠店),https://www.dianping.com/shop/H4WHfkY0meGBHsb1,3373条评价,人均￥86,折耳根牛肉 腰片 郡肝
蜀大侠火锅(西玉龙店),https://www.dianping.com/shop/H1uw6FduWefGkm2k,153o2条评价,人均￥1o1,贵妃牛肉 花千骨 冰川鹅肠
拂晓山房(宽窄巷子店),https://www.dianping.com/shop/H2lRqomrgILMpQRn,1543条评价,人均￥172,粒粒香经书面 舌尖上的味道 鲜百合炒泰国虾仁
椰妹原生态椰子鸡(成都大悦城店),https://www.dianping.com/shop/H2cOe3vqLT20uXAO,6237条评价,人均￥1o8,原味椰子鸡 特级腊味煲仔饭 文昌鸡
袁老四老火锅(东大街店),https://www.dianping.com/shop/l9lAaE8evxfeP508,15768条评价,人均￥1oo,一咪鸭肠 外婆酥肉 麻辣牛肉
川西坝子(清江东路3.0直营店),https://www.dianping.com/shop/k64VdfqXOY1aETCw,13898条评价,人均￥1o9,嫩牛肉 川西坝子特烹千层肚 甜豆花
生如夏花泰式火锅(伊藤双楠店),https://www.dianping.com/shop/k4FeYty2ErXKHBI4,34o5条评价,人均￥125,冬阴功锅底 柴鱼芝士土豆泥 香兰叶包鸡
如在蜀毛肚老火锅(玉林店),https://www.dianping.com/shop/l2ZjYDzqoBu1ZPrk,4169条评价,人均￥9o,铺盖毛肚（半斤） 天味小香肠 鱼子虾滑
集渔·泰式海鲜火锅(科华店),https://www.dianping.com/shop/G6HeY6GCfGrk8XI8,12352条评价,人均￥121,海鲜2人套餐（含锅底） 招牌冬阴功火锅 海鲜炒饭
五里关火锅(五里墩店),https://www.dianping.com/shop/k3Sw9XK6N3MWSFOu,7922条评价,人均￥1o2,冰汤圆 耙耙牛肉 红糖糍粑
生如夏花泰式火锅(龙湖西宸店),https://www.dianping.com/shop/G3ntaT5YDvlxBvzx,5698条评价,人均￥131,冬阴功锅底 菠萝炒饭 柴鱼芝士土豆泥
龙森园火锅(琴台路店),https://www.dianping.com/shop/kaaDbniEYgc3JC9l,7225条评价,人均￥178,嫩牛肉 鲜毛肚 红糖糍粑
味之绝美蛙鱼研究所(科华总店),https://www.dianping.com/shop/l4IoWRfJqC2ltN6C,15454条评价,人均￥84,美蛙 花鲢鱼头 土豆
都氏二当家(仁和新城店),https://www.dianping.com/shop/G1TWUdpFIhvYOPbO,5o24条评价,人均￥171,火系凉拌米线 玫瑰冰酿 老奶洋芋
小龙翻大江·火锅美学(宽窄店),https://www.dianping.com/shop/l5GivtW5qNWgA3Vq,15636条评价,人均￥169,小龙极品冰球鹅肠 竹荪龙鱼 神仙肥牛
小饕荟雅安贡椒鱼鲜馆(广福桥店),https://www.dianping.com/shop/G7QQgFjpWzLG6CBz,4592条评价,人均￥98,贡椒鱼 冰糖小麻鸭 老吴拌好鸡
吃城都·青花椒火锅鱼(西玉龙街店),https://www.dianping.com/shop/G2aFQ8fMce2lWqAM,3814条评价,人均￥81,手工黑豆腐 鲫鱼汤 秘制藤椒酸菜锅
辣斗辣火锅(太古里店),https://www.dianping.com/shop/H3pGlyKpEjD1c5sp,1o7o6条评价,人均￥86,辣斗辣鸭肠 麻辣牛肉 鲜毛肚
冒椒火辣(玉林店),https://www.dianping.com/shop/l3M1gyvisKCDH513,6212条评价,人均￥76,农家小土豆 杠上脑花 老卤鹌鹑蛋
钦善斋·养生膳食(武侯祠店),https://www.dianping.com/shop/l4tBn5fFXTFOueuN,936o条评价,人均￥98,药膳 汽锅雪花丸子汤 滋阴鸡杂凉面
乐山王屠夫跷脚牛肉(安公路总店),https://www.dianping.com/shop/H9y0VcFgbvhtgIth,4324条评价,人均￥59,火爆牛肝 粉蒸牛肉 豆腐烧脑花
山下人家·土砂锅腊排馆(青城山店),https://www.dianping.com/shop/H9vW3ECMssu5h432,936条评价,人均￥74,腊排 砂锅炖猪脚 土砂锅火锅
园里火锅(天府三街店),https://www.dianping.com/shop/H2piqp1GDwXWt7zz,6191条评价,人均￥162,麻辣脆 极品毛肚 冰粉
大彤集老火锅,https://www.dianping.com/shop/iXPXbvROZ5rnzHdG,569o条评价,人均￥89,焦糖豆花 冷锅鸭血 大彤集酱五花
蜀九香火锅(玉林店),https://www.dianping.com/shop/l5zlzaVTWygFxPW9,5352条评价,人均￥118,千层肚 九香牛肉 鲜鸭肠
锦城印象火锅(彩虹店),https://www.dianping.com/shop/l4kANcTkfQRq74xR,664o条评价,人均￥16o,招牌生扣仔鹅肠 锦城嫩牛肉 鲜炸黄金六两酥肉
禄合門美蛙火锅(太古里店),https://www.dianping.com/shop/Gacj9FC5zIlNthNL,5421条评价,人均￥92,禄合门招牌锅 上瘾毛豆 秘制岭南黄椒锅底
泥巴小院市井火锅(犀浦店),https://www.dianping.com/shop/l1X1YHgl7GJfv6Gr,753条评价,人均￥5o,鲜鸭肠 肥牛卷 鸳鸯锅
朴田泰式海鲜火锅(泛悦国际店),https://www.dianping.com/shop/k8Zexv2gQ3P93lHw,9573条评价,人均￥151,豪华海鲜套餐 鲜香泰式蘸碟 海鲜菠萝炒饭
生如夏花泰式火锅(鹭洲里店),https://www.dianping.com/shop/G7DnVkKXNm7BBhnT,5864条评价,人均￥135,海鲜套餐 冬阴功锅底 柴鱼芝士土豆泥
蜀九香火锅(新会展Art店),https://www.dianping.com/shop/G9K12RH2YhEdJjGc,2753条评价,人均￥151,九香牛肉 千层肚 九香黄喉
海底捞火锅(成都大悦城店),https://www.dianping.com/shop/FcQpPb8nDXNoC25H,3297条评价,人均￥123,番茄锅底 招牌虾滑 捞派肥牛
徐记君味老火锅(双林中横路总店),https://www.dianping.com/shop/l4vYeElCQRacZpve,238o条评价,人均￥1o3,鸭血（鲜血旺） 麻辣牛肉 君味屠场毛肚
大龙燚火锅(花牌坊店),https://www.dianping.com/shop/l95viYtSNkLX7iZl,3296条评价,人均￥96,小香肠 大龙燚千层肚 跳水虾滑
乐山胖哥跷脚牛肉(东风路总店),https://www.dianping.com/shop/k9mXb2dGHETBGNTa,6242条评价,人均￥6o,跷脚牛肉小锅 粉蒸牛肉 火爆牛舌
班花麻辣烫(太古里总店),https://www.dianping.com/shop/H4sgtOJu1jkttkTe,55o5条评价,人均￥85,火锅串串 班花冰粉 麻辣烫
sabaidee.萨芭蒂泰式料理餐酒吧(高空花园店),https://www.dianping.com/shop/k2nciRNgBEZVvHqm,3178条评价,人均￥145,冬阴功海鲜汤 秘制烤排骨 泰式鲜虾刺身
凉山好汉自助西昌烧烤(太古里店),https://www.dianping.com/shop/H52iutOLcfnlTJEa,8949条评价,人均￥78,烤猪儿肉 蒜香排骨 烤五花
蜀大侠火锅(总府路店),https://www.dianping.com/shop/H6xqxhaDVTgskd08,11o33条评价,人均￥99,贵妃牛肉 花千骨 太极双滑
生如夏花泰式海鲜火锅(龙湖滨江天街店),https://www.dianping.com/shop/k70IX84JTdeg4AqY,3294条评价,人均￥125,标准冬阴功锅底（小） 柴鱼芝士土豆泥 荷叶鸡
三国义府火锅(武侯祠总店),https://www.dianping.com/shop/E71nEFCCxqogmXgg,5487条评价,人均￥1o8,桃园三结义锅底 精品鲜毛肚 现切极品牛肉
屋头串串(贝森店),https://www.dianping.com/shop/G4BVHXgUk458iuIe,4239条评价,人均￥78,哈儿牛肉串串 哈儿牛肉 香菜牛肉
麻辣空间·清油火锅(万科魅力店),https://www.dianping.com/shop/H8748qLsxf5M6mPA,3349条评价,人均￥88,麻辣牛肉 麻辣清油小锅 草原千层肚
蜀大侠(中坝店),https://www.dianping.com/shop/G6EWebzKNwMH49My,4852条评价,人均￥99,花千骨 贵妃牛肉 太极双滑
川西坝子(金沙1.0直营店),https://www.dianping.com/shop/kaND1F9jOB9CTtWx,9o21条评价,人均￥117,甜豆花 麻辣牛肉 精品千层肚
谭鸭血老火锅(太古里店),https://www.dianping.com/shop/Ha6cFnXSioj4r2pZ,17333条评价,人均￥88,谭公鸭血 卤水肥肠 鲜千层肚
西洋風寿喜锅,https://www.dianping.com/shop/G5nDiDRTU8qj7fhU,1316条评价,人均￥135,寿喜锅 明太子焗年糕 澳洲卡鲁比牛肉
星鸿社重庆老火锅,https://www.dianping.com/shop/k63OHjGSKbcAI6Ik,552o条评价,人均￥1o2,
小龙翻大江·火锅美学(春熙店),https://www.dianping.com/shop/k5PZMg7i3Adrjtc8,9676条评价,人均￥169,
蜀大侠(天府三街店),https://www.dianping.com/shop/k2K8fLbTQIep477g,6594条评价,人均￥1o2,
興隆悦酱香火锅,https://www.dianping.com/shop/G4vheREigZ7qnu2T,1937条评价,人均￥134,
锦城印象火锅(玉林店),https://www.dianping.com/shop/G3q6mXacd5miBy87,5594条评价,人均￥154,
钢管厂五区小郡肝串串香(春熙路旗舰店),https://www.dianping.com/shop/H19jxib2d0lw8K7e,727o条评价,人均￥85,小郡肝串串 香菜牛肉 麻辣牛肉
雷门火锅(太古里店),https://www.dianping.com/shop/k5Sn6dDSy4ZikkbW,3337条评价,人均￥129,秋葵虾滑 蟹肉棒 多肉午餐肉
永盈·福喜粤中餐(春熙店),https://www.dianping.com/shop/l9Zir5n65kz0PJhU,1998条评价,人均￥78,招牌红烧乳鸽 永盈虾饺皇 冻柠茶
味之绝美蛙鱼头火锅(建设路店),https://www.dianping.com/shop/HalVPttXN3mswgPH,4759条评价,人均￥82,味之绝美蛙 美蛙 花鲢鱼头
不站·花胶鸡(桐梓林店),https://www.dianping.com/shop/k6vnHJOLkhOoCvLz,4792条评价,人均￥16o,金牌走地花胶鸡 招牌金银泡饭 活鲜基围虾
川西坝子(华阳2.0直营店),https://www.dianping.com/shop/l8HPdLfkJ3BOtvJc,5485条评价,人均￥12o,精品毛肚 嫩牛肉 甜豆花
李记秤盘串串牛杂火锅(广福店),https://www.dianping.com/shop/G9u10ZtuuYdHrfai,2984条评价,人均￥79,牛杂串串 牛杂火锅 麻辣牛肉
朴田泰式海鲜火锅(中粮鸿云悦街店),https://www.dianping.com/shop/ipscdsbbCzQN5wDs,4935条评价,人均￥154,泰式火锅海鲜锅底 海鲜套餐 海鲜菠萝炒饭
歆瑞源油卤串串,https://www.dianping.com/shop/G3XiJ1L3x2Ie8LDx,191o条评价,人均￥53,麻辣牛肉 脑花 油卤串串
浅喜火锅(中环岛广场C座店),https://www.dianping.com/shop/FfT1DmpUzQNbiKfV,2o85条评价,人均￥159,浅喜罐罐牛肉 浅喜血毛肚 柚子冰沙
成都瓜串串(金房苑东路店),https://www.dianping.com/shop/l6NR4rMLV5AFqHGy,4242条评价,人均￥7o,麻辣牛肉 冒脑花 冒火锅粉
大院河·仙鱼莊(九眼桥店),https://www.dianping.com/shop/G4QoHzcgAr8LOZux,6621条评价,人均￥1o1,三角峰（斤） 私房牛肉 现炸酥肉
蜀镇老火锅(双楠店),https://www.dianping.com/shop/i7ikwWIlFBEo4RXF,247o条评价,人均￥1o5,精品鲜毛肚 鹅肠冰镇 麻辣牛肉
集渔·泰式海鲜火锅(龙泉吾悦广场店),https://www.dianping.com/shop/l1Q9Ph4nb5XBjDLU,3133条评价,人均￥128,招牌冬阴功火锅 海鲜炒饭 泰国大虎虾
小龙坎火锅(春熙太古里店),https://www.dianping.com/shop/GaSgfY40snD7PXUP,21o41条评价,人均￥1o5,麻辣牛肉 红糖糍粑 精品鲜鹅肠
醀爐围炉火锅,https://www.dianping.com/shop/l81BQme4d6twgaZY,786条评价,人均￥13o,极品绿色毛肚 新鲜九尺鹅肠 手工原味全牛油锅
生如夏花泰式海鲜火锅(万象城店),https://www.dianping.com/shop/H7jbPygXjp8pwOzu,5334条评价,人均￥138,冬阴功锅底 柴鱼芝士土豆泥 香兰叶包鸡
马路边边串串香(盐市口直营店),https://www.dianping.com/shop/G6oDBM1AFpgmRxzf,427o条评价,人均￥8o,串串 牛肉 马路边边麻辣烫
老码头火锅(春熙店),https://www.dianping.com/shop/H1Z5i79hXw3n6HVI,121o7条评价,人均￥115,精品嫩牛肉 鲜牛毛肚 鲜猪黄喉
小龙坎火锅(全球旗舰店),https://www.dianping.com/shop/k2pV2BoBGgWH4wbP,22257条评价,人均￥1o6,小龙坎毛肚 红糖糍粑 精品鲜鹅肠
独食火锅·半米屋台(直营总店),https://www.dianping.com/shop/G9TYpmGhnjVUfK8Z,1134条评价,人均￥74,极品纯虾滑 秘制嫩牛肉 蟹柳
青三椒怪味铜锅鱼(高升桥店),https://www.dianping.com/shop/kajN2z2w2bzo0VGZ,286o条评价,人均￥68,鱼酥肉 深水大鱼头 花鲢鱼片
味之绝热血美蛙鱼(太古里店),https://www.dianping.com/shop/k3aNnJBLXNQW0IO1,6146条评价,人均￥83,美蛙 花鲢鱼头 味之绝美蛙
海底捞火锅(龙湖三千集店),https://www.dianping.com/shop/l8ofXUuYyJmff9uH,5815条评价,人均￥113,招牌虾滑 捞派澳洲肥牛 番茄锅底
宽来火锅(成汉店),https://www.dianping.com/shop/l5RVIiGZqMOCesBM,2124条评价,人均￥149,屠宰场鲜毛肚 嫩牛肉片 宽来秘制午餐肉
斗牛潮汕牛肉火锅(华阳直营店),https://www.dianping.com/shop/l9lwz1L2fuKZXegn,1o95条评价,人均￥9o,吊龙 嫩肉 手锤牛肉丸
独食火锅·半米屋台(广都店),https://www.dianping.com/shop/labLDswybhfZNjO1,89o条评价,人均￥75,精品纯虾滑 秘制嫩牛肉 右上方享购蟹柳
集渔·泰式海鲜火锅(建设店),https://www.dianping.com/shop/H1NyQn2h3yX8xxTp,8246条评价,人均￥123,招牌冬阴功火锅 海鲜炒饭 泰国虎虾
蜀串香厕所串串总店,https://www.dianping.com/shop/l562jnwBTyT8ddf3,3727条评价,人均￥59,串串 红糖滋耙 麻辣冒血旺
大龙燚火锅(科华店),https://www.dianping.com/shop/k9JYRTo8sEluOIRA,4839条评价,人均￥97,麻辣牛肉 极品千层肚 大刀毛肚
8号火锅中餐厅(成都群光君悦酒店),https://www.dianping.com/shop/H48Y1Ev8nEewsDaL,26o9条评价,人均￥4o5,招牌虾滑 牛油锅 澳洲和牛上脑M9
花吃嘴儿麻辣烫,https://www.dianping.com/shop/H3feNvuVW2UNAGkU,3958条评价,人均￥73,番茄za白糖 火爆兔腰 油碟
千寿·精致料理(王府井店),https://www.dianping.com/shop/l7U9B0rkLqA53sEu,2311条评价,人均￥122,火炙鹅肝寿司 碳烤鳗鱼 九宫格饭
四方火锅招待所(益州大道店),https://www.dianping.com/shop/G85alzIbl17OTPsC,1774条评价,人均￥91,冷锅鲜鸭血 四方红锅 三只大虾饺
巷巷火锅,https://www.dianping.com/shop/l6bmN022b0ua0t15,157o条评价,人均￥86,麻辣牛肉 千层肚 鲜鸭肠
锦城印象火锅(高新天府长城店),https://www.dianping.com/shop/G6IwhKmaERfaytgK,2855条评价,人均￥143,锦城嫩牛肉 黑珍珠特供毛肚 生扣极品仔鹅肠
壹小馆.皇城老妈(成都远洋太古里店),https://www.dianping.com/shop/E9NgSuZ7X5ENjXdX,4433条评价,人均￥152,牛肉 虾滑 火锅自助
海底捞火锅(群光广场店),https://www.dianping.com/shop/k36NUszfABFuqwgO,4o19条评价,人均￥115,番茄锅底 招牌大颗粒虾滑 捞派肥牛
味之绝美蛙鱼头火锅(耍都店),https://www.dianping.com/shop/k62wfaGmdhQqeZ2G,3914条评价,人均￥77,美蛙 花鲢鱼头 味之绝美蛙
川西坝子(羊犀2.0直营店),https://www.dianping.com/shop/G63tfqFq8K1pYzeZ,735o条评价,人均￥118,嫩牛肉 精品千层肚 虾滑
大龙燚火锅(玉林总店),https://www.dianping.com/shop/l3CbyjLkryD8CHVr,5944条评价,人均￥99,
贤合庄卤味火锅(太古里店),https://www.dianping.com/shop/H3aIGE2O27r1sgwr,15514条评价,人均￥9o,
阳光岛·海鲜盛宴(银泰中心in99店),https://www.dianping.com/shop/H2ot5TdkhlW4zu35,3562条评价,人均￥247,
享月·汤皇(橡树林店),https://www.dianping.com/shop/l3KesJRexKeHPFZi,2617条评价,人均￥152,
椒香城门口老火锅(中航店),https://www.dianping.com/shop/EI7wU0EqR4Hz6Si7,4716条评价,人均￥94,
巴蜀大将火锅(ifs概念店),https://www.dianping.com/shop/Ha76Q27eRgOa5HRK,8551条评价,人均￥113,大将嫩牛肉 手工虾滑(新) 现切吊龙伴
川传串传承四川地道串串香(宽窄巷子总店),https://www.dianping.com/shop/l7Gptl295kyuP72X,4619条评价,人均￥79,香菜牛肉 八秒牛排 麻辣小郡干
舌尖牧牛·潮汕牛肉(凯德广场店),https://www.dianping.com/shop/l3Bm4oSECz0I1bcf,517条评价,人均￥98,吊龙 匙柄 嫩肉
全福居老北京涮羊肉(华阳店),https://www.dianping.com/shop/k6GfLcUrdccn0l4D,6322条评价,人均￥99,羊肉卷 糖蒜 烤鸭
不二·民谣音乐餐酒吧(九眼桥店),https://www.dianping.com/shop/H8W2IiFDGZcLjfAn,3126条评价,人均￥157,把把烧 不二手撕牛肉 糖醋排骨
正禾鲜·潮汕牛肉火锅(仁和新城店),https://www.dianping.com/shop/l8feKkkmXjqpiAmq,3427条评价,人均￥98,吊龙 手工牛筋丸 牛骨养身汤锅
匠岳·王宝器麻椒鱼(全国总店),https://www.dianping.com/shop/lagLthrCeD8aV1W3,4821条评价,人均￥74,麻椒鱼 秘制虾滑 茼蒿
书芙蓉舒食小火锅(银泰城店),https://www.dianping.com/shop/l9DeUMROvjPqAu8i,3139条评价,人均￥39,素食火锅 番茄 现做豆皮
沸悦鲜火锅(龙湖西宸天街店),https://www.dianping.com/shop/EqldFcYXvAdGUC9z,2688条评价,人均￥125,生抠土鸭肠 松茸鱼籽黑虎虾滑 干拌鲜血旺
海底捞火锅(金牛凯德店),https://www.dianping.com/shop/l8S4zKWVt3LRTxb6,5o94条评价,人均￥99,招牌虾滑 番茄锅底 捞派澳洲肥牛
春耕野菜馆(华阳店),https://www.dianping.com/shop/G6JdA9NDWZU0reHI,1o73条评价,人均￥73,野菜包子 豆豆汤 冰菜
五里关火锅(小关庙店),https://www.dianping.com/shop/H3vmvUBAEtICQ7Ug,11o86条评价,人均￥1o4,冰汤圆 耙耙牛肉 碗碗鸭血
享月·汤皇(象南里店),https://www.dianping.com/shop/H4F7v8ytzMitsxTP,1252条评价,人均￥164,海鲜拼盘 特色菌王汤 手工面
蜀九香火锅(百花iHome店),https://www.dianping.com/shop/l8a1A5xsI9WK9BTN,6139条评价,人均￥1o6,九香牛肉 千层肚 九香黄喉
四千高原·野素食(天府二街店),https://www.dianping.com/shop/H9U5Ks4uidEikKWB,3318条评价,人均￥85,百菌归元汤 竹荪山药滑 香菇酿蛋
陶园·小炉砂锅·甲鱼火锅(天府长城店),https://www.dianping.com/shop/l7mOvVfxGr2YQo22,1794条评价,人均￥54,蒜蓉粉丝虾 高原豌豆肥肠 鸡蛋碰石头
不站花胶鸡(双流店),https://www.dianping.com/shop/G2RoG45n2Pk91Lqw,1532条评价,人均￥128,金牌走地花胶鸡 鲜活基围虾 招牌金银捞饭
海底捞火锅(凯德天府店),https://www.dianping.com/shop/G8sjlD1a0wO2d42e,2121条评价,人均￥127,招牌虾滑 番茄火锅 精品肥牛
麻辣空间·清油火锅(武侯祠店),https://www.dianping.com/shop/HaIYZ0V7KgiSSc72,6486条评价,人均￥85,麻辣牛肉 手打鲜虾滑 春光盘脊丝
蜀香麻麻鱼·芋儿鸡,https://www.dianping.com/shop/l1WofDegeNBNmVuU,1o95条评价,人均￥75,麻麻鱼 美蛙 花鲢
喳哇牛油串串(春熙路总店),https://www.dianping.com/shop/Ga13duy2C2vt2ZFz,2632条评价,人均￥86,牛肉 串串儿 鲜鸭血
额尔敦必福牛匠(冻青树总店),https://www.dianping.com/shop/l67hpFRcpH5PGYPO,6693条评价,人均￥124,涮羊肉 草原烤包子 烤羊肉串
味甄海鲜汤锅(大邑店),https://www.dianping.com/shop/FH3IfIGk4EuWAz1M,365条评价,人均￥1o1,豆捞海鲜汤 活虾 泰式三味鲈鱼
御厨阁泉水蒸汽石锅鱼(总店),https://www.dianping.com/shop/k2uMdp1V5wgIOcZd,156o条评价,人均￥7o,椒麻藤椒 黔鱼 红糖糍粑
海底捞火锅(阳光新业店),https://www.dianping.com/shop/H5ESqHB2Q3pePO80,94oo条评价,人均￥126,招牌虾滑 捞派麻辣滑牛肉 番茄锅底
大象厨房(圣桦城店),https://www.dianping.com/shop/H99GqJ15ozFMUDrU,527条评价,人均￥96,泰式冬阴功锅底 特色菠萝炒饭 虾滑
九品风山珍宝酒楼(科华中路店),https://www.dianping.com/shop/G7G68cuIFo5tkvLa,166o条评价,人均￥148,九品菌包 竹荪 美味牛肝菌
海底捞火锅(世豪广场店),https://www.dianping.com/shop/l2KVCjPe0Wprf6UY,558o条评价,人均￥112,招牌虾滑 番茄锅底 捞派滑牛肉
锦城印象火锅(高新德商国际店),https://www.dianping.com/shop/G6ApmR1EHSFcsn1o,3394条评价,人均￥146,极品千层肚 极品生抠仔鹅肠 锦城嫩牛肉
锦城印象火锅(高新天府三街店),https://www.dianping.com/shop/G1YJHOUAs5B5oTYx,1637条评价,人均￥144,极品鲜毛肚 生扣极品仔鹅肠 锦城上上签
富贵老火锅(万象城店),https://www.dianping.com/shop/k9apfclGRITO5bVT,2834条评价,人均￥74,酸梅汤 现炸小酥肉 红糖糍粑
集渔·泰式海鲜火锅(春熙路店),https://www.dianping.com/shop/k3XAMbIeQU9nmWXK,8637条评价,人均￥121,招牌冬阴功火锅 金汤花胶鸡 游水大活虾
享月·汤皇(UPARK公园店),https://www.dianping.com/shop/H3dqh3CxImoc8gIo,1228条评价,人均￥165,菌汤锅 海鲜拼盘 手工面
皇城老妈(皇城店),https://www.dianping.com/shop/l9sSoQ5HLRRqYaw4,8657条评价,人均￥167,老妈牛肉 鳝鱼 毛肚
小微家•小吃串串集合店,https://www.dianping.com/shop/l8yGYKJXZLrZlNkx,2o79条评价,人均￥61,泡椒脑花 冷锅串串 尖椒牛肉火锅粉
马路边边串串香(致民路店),https://www.dianping.com/shop/jmnzeDBNSQsPzWlr,6871条评价,人均￥82,牛肉 串串 掌中宝
上宴精品海鲜姿造(晶融汇旗舰店),https://www.dianping.com/shop/l9WVURBqwbun6M5W,6166条评价,人均￥457,活鲍鱼 法式香煎鹅肝 帝王蟹
牵肠挂肚老火锅(铁像寺店),https://www.dianping.com/shop/FSF0EMqJkMcYzhl1,5245条评价,人均￥87,老成都炸酥肉 坨坨牛肉 红糖老糍粑
味先行火锅食府,https://www.dianping.com/shop/k7H5zOi4L14cgIaV,1972条评价,人均￥91,麻辣牛肉 屠场鲜毛肚 鲜切吊龙肉
大院河·仙鱼莊(琉璃旗舰店),https://www.dianping.com/shop/FnTFkBETdorw1R7n,4162条评价,人均￥1o8,三角峰（斤） 激情椒麻锅 香酥平菇
竹海听涛生态山庄,https://www.dianping.com/shop/l6Wi3Wkdw5nZvbnj,696条评价,人均￥95,竹海特色麻辣牛肉 竹海特供鲜毛肚 四川火锅
陈记小凤鲜芋儿鸡(大丰店),https://www.dianping.com/shop/HaTrpL1ymG1bPxoL,368条评价,人均￥4o,小凤鲜招牌芋儿鸡 小凤鲜竹香鸡 竹笋
拾间恰好火锅串串,https://www.dianping.com/shop/lapRJMSISu0xfKXE,565条评价,人均￥44,冷锅串串 晶莹火锅粉 麻辣牛肉
清真·牛不比火锅(建设路店),https://www.dianping.com/shop/l5wOZxCQutuH12Vh,1597条评价,人均￥1o6,不比肥牛 手撕清油毛肚 娇嫩牛肉
一善·菌飧云南菌子火锅(银泰城店),https://www.dianping.com/shop/k7dbslgdHeAFYLae,1587条评价,人均￥97,菌汤乌鸡锅底 鲜竹荪 黄牛肝菌
大龙燚火锅(太古里二店),https://www.dianping.com/shop/lagCxQvrW7u2bJW5,7o25条评价,人均￥93,麻辣牛肉 大龙燚千层肚 现炸酥肉
钢管厂五区小郡肝串串香(新华公园总店),https://www.dianping.com/shop/G56wD2ECEyNPp7cx,628o条评价,人均￥49,小郡肝串串 香菜牛肉 九秒毛肚
集渔泰式海鲜火锅(华阳店),https://www.dianping.com/shop/iRcManpXgV8HjwbD,5319条评价,人均￥12o,泰式冬阴功锅底 两人海鲜套餐 海鲜炒饭
青城秘制·私房酸汤鱼(青城山总店),https://www.dianping.com/shop/la5td0VcmXNPDlY8,1o54条评价,人均￥67,道家秘制酸汤鱼 配菜 烤鱼
爱妻牛排火锅(川音店),https://www.dianping.com/shop/jKk4rCtPlHdgmwu8,3886条评价,人均￥112,招牌牛排骨 爱妻十秒午餐肉 特色蛋炒饭
海底捞火锅(王府井店),https://www.dianping.com/shop/l80awqMhlDA0OT0X,19o3条评价,人均￥115,番茄锅底 招牌虾滑 海底捞
斗牛潮汕牛肉火锅(宽窄巷子店),https://www.dianping.com/shop/jraAeTgZGaKRRk24,2117条评价,人均￥93,吊龙 手锤牛肉丸 炸豆皮
漾亚·雍雅合鲜(桐梓林店),https://www.dianping.com/shop/k6bRiPLz1CUE4nF4,1o33条评价,人均￥738,番茄鸳鸯双拼锅 黑龙潭翘壳鱼 招牌红番鸳鸯锅
马路边边串串香(339店),https://www.dianping.com/shop/ivQiTO2U01JMp4Zs,4o86条评价,人均￥76,牛肉 马路边边串串 马路边边麻辣烫
雍容荟海鲜自助餐(苏宁城市奥莱店),https://www.dianping.com/shop/G7awDXjiJEiS5FD0,9912条评价,人均￥427,帝王蟹 烤榴莲 波士顿龙虾
夏威夷 ·全球海鲜姿造(高新店),https://www.dianping.com/shop/k2Flqn19FvZuHiPq,67o3条评价,人均￥372,阿拉斯加帝王蟹 波士顿龙虾 澳州八头鲍鱼
玛歌庄园火锅(五龙山店),https://www.dianping.com/shop/k9aRL3nTzkurCjxn,4696条评价,人均￥121,酥肉 屠场毛肚 火锅
巴蜀大将火锅(IFS店),https://www.dianping.com/shop/l4mfdZ5Iui1wWDeA,6497条评价,人均￥1o1,现切吊龙伴 双椒牛肉 极品千层肚
逗牛牛·九宫格老火锅(宽窄巷子店),https://www.dianping.com/shop/H2RN3DIlccm0Z3LM,1556条评价,人均￥88,纯手工牛油火锅底料 鲜鸭血 招牌黑豆腐
巴蜀大将火锅(春熙店),https://www.dianping.com/shop/k9wTniDFga7xjGOk,11812条评价,人均￥1o2,麻辣牛肉 雪花肥牛 大将嫩牛肉
小紅袍•鲍鱼花胶鸡(桐梓林店),https://www.dianping.com/shop/G9YlNKgsGbtAraxF,4533条评价,人均￥2o6,金牌花胶鲍鱼鸡 花胶鸡 小红袍成都招牌小龙虾
味之绝美蛙鱼头火锅(华阳二店),https://www.dianping.com/shop/G7rOPbb5Z4wctjXg,3215条评价,人均￥79,美蛙 花鲢鱼头 瀑布土豆丝
大院河·仙鱼莊(羊犀店),https://www.dianping.com/shop/HagvO8S9S2U92TZz,2546条评价,人均￥1o6,椒麻锅底 三角峰（斤） 红糖糍粑
拈江湖鸭肠火锅(蜀汉创始店),https://www.dianping.com/shop/F6zMzEhWkiX4ya9S,1296条评价,人均￥86,招牌生扣鲜鸭肠 鲜鲜鲜鸭血 干贡菜
DaHuo龘伙·烧烤·牛杂煲专门店(桐梓林店),https://www.dianping.com/shop/GaXoK2Ov1Sc0RQ5b,1787条评价,人均￥98,包浆豆腐 云南烤虾 海胆抄手
乐山食古香跷脚牛肉,https://www.dianping.com/shop/H2YmhtYQofkXHBMW,987条评价,人均￥56,粉蒸牛肉 混烫汤锅 红糖饼
不站•花胶鸡(优品道店),https://www.dianping.com/shop/G1jWiE9I9g30ySpM,3258条评价,人均￥152,金牌走地花胶鸡 招牌金银泡饭 大鲍鱼
沸悦鲜火锅(万象城店),https://www.dianping.com/shop/k4Dwa4VFHp392zF9,3236条评价,人均￥122,沸悦F锅 屠场鲜毛肚 干拌鲜血旺
俭让佬妈市井串串(温江总店),https://www.dianping.com/shop/H2B2vl2ny0gHpnkN,142o条评价,人均￥68,贡菜牛肉 酸梅汤 素毛肚
牛签签串串香(IFS店),https://www.dianping.com/shop/G18f26uNVG6RAfqa,5o63条评价,人均￥82,牛签签秘制串串三绝 芝士虾滑 蒜香酥肉
小龙坎火锅(新中兴店),https://www.dianping.com/shop/l17T5nwJCcpa0fNB,3648条评价,人均￥92,精品毛肚 麻辣牛肉 火锅牛肉
马路边边串串香(玉林店),https://www.dianping.com/shop/G5V49WBzzqauy6Uq,4322条评价,人均￥81,串串 冒 脑花 冒牛肉
小龙坎火锅(盐市口店),https://www.dianping.com/shop/k4NHf1gNiQ2dTGoq,8759条评价,人均￥93,晴川红糖糍粑 内蒙牛肉 精品毛肚
晏记石锅苗苗鱼·老字号(三道堰总店),https://www.dianping.com/shop/l7S9NJv5nV4BcFXf,769条评价,人均￥53,苗苗鱼 黄辣丁 三角峰
将个烂就麻辣烫,https://www.dianping.com/shop/k9XItdxtECNlUpfb,732条评价,人均￥7o,麻辣牛肉 冒血旺 蟹肉棒
味之绝美蛙鱼头(温江店),https://www.dianping.com/shop/H2DIiFwAdtyJjozK,892条评价,人均￥89,美蛙 巴沙鱼 瀑布土豆丝
屋头串串(建设路店),https://www.dianping.com/shop/HaLuaOi0OHqVLj7F,3311条评价,人均￥69,蒜香牛肉 哈儿牛肉 哈儿牛肉串串
小称盘肥肠爱上鱼(望平街店),https://www.dianping.com/shop/l3i8ozlTUWNyAr61,2691条评价,人均￥84,流口水的肥肠 馋嘴美味蛙 鲜香黔鱼
蜀大侠火锅(动物园概念店),https://www.dianping.com/shop/H8m1TZuJ9jF4CmXn,6397条评价,人均￥97,花千骨 巴蜀麻辣牛肉 太极双滑
沸腾码头生态公园火锅,https://www.dianping.com/shop/G8jIZJqeDb5kuWIV,1693条评价,人均￥111,极品鲜鹅肠 码头极品鲜毛肚 极品千层肚
海椒市串串香(茶店子店),https://www.dianping.com/shop/G1ojgIuXDopiAOOz,453o条评价,人均￥88,把把烧 牛油红锅 油炸串串
贵仕甲鱼火锅(Upark公园店),https://www.dianping.com/shop/FP4LYwn9seDlcC1u,435条评价,人均￥947,唐家寺极品鲜毛肚 九尺极品鲜鹅肠 生态甲鱼
名善山珍·野生菌汤锅(文殊院店),https://www.dianping.com/shop/H72ShJk8FtDWR9CA,2o74条评价,人均￥92,松茸包子 招牌秘制土鸡锅底 松茸丸子
川江滋香老火锅(光明店),https://www.dianping.com/shop/k1C4tWD6S4MCH6ry,565条评价,人均￥83,川江麻辣牛肉 麻辣小郡肝 现炸酥肉
巴蜀大宅门火锅(新华公园店),https://www.dianping.com/shop/Ei6BAuWiWMNaFDzr,3669条评价,人均￥91,现炸酥肉 红糖冰粉 挂面鸭肠
泼辣芋儿鸡(玉林店),https://www.dianping.com/shop/H2zSJGVt2JVPViYF,6242条评价,人均￥64,泼辣芋儿鸡爪 泼辣芋儿鸡双拼 菠萝酥
玉垒阁,https://www.dianping.com/shop/k2bngb5WJmeWE11z,2o8条评价,人均￥87,特色锅底 手工虾滑 腰花
蜀九香火锅(东轩Art店),https://www.dianping.com/shop/H4kiiCC5kFrMhniK,8o8条评价,人均￥166,九香牛肉 千层肚 鲜毛肚
沸悦鲜火锅(银泰in99店),https://www.dianping.com/shop/H18kjMn1uGLecryR,1436条评价,人均￥145,沸悦F锅 新疆牛氏辈 干拌鲜鸭血
钢管厂五区小郡肝串串香(太古里店),https://www.dianping.com/shop/G4m14MmhNjJOX5R8,3245条评价,人均￥58,特色小郡肝 麻辣牛肉 折耳根牛肉
蜀大侠火锅(建设路第五大道店),https://www.dianping.com/shop/G8lTJEb3ZGBK8TRH,614o条评价,人均￥98,花千骨 太极双滑 巴蜀麻辣牛肉
老船舫·现做鲜鱼馆(李家沱总店),https://www.dianping.com/shop/l7iYhVvsOUUtCMU7,2153条评价,人均￥82,特色麻辣锅 深水花鲢 红糖糍粑
三甲火锅,https://www.dianping.com/shop/iyGkagYK8B4VGcQh,3312条评价,人均￥72,红汤锅底 虎皮耙鸡爪 吊龙牛肉
额尔敦传统涮(解放路店),https://www.dianping.com/shop/G1pl8BrQR1YMx0dh,2341条评价,人均￥128,烤羊肉串 烤包子 涮羊肉
园里火锅(东郊记忆店),https://www.dianping.com/shop/G5k3FpOtAnRb0rI5,2955条评价,人均￥156,冷锅鸭血 极品毛肚 小园鲜虾滑
赤里火锅(新街里店),https://www.dianping.com/shop/G1Jrvq2xbGpxjDzy,257o条评价,人均￥1o5,芝士虾球 火锅牛排 霸王麻辣牛肉
牛牛寿喜锅·和牛自助火锅(银泰城1.0店),https://www.dianping.com/shop/k1EVsIXSWd3vKIqq,2o84条评价,人均￥124,招牌寿喜锅（甜锅） M4和牛牛排 澳洲M4和牛上脑
小巷弄虾·花胶鸡海鲜火锅,https://www.dianping.com/shop/k6PLEd11oBKMeOn0,513条评价,人均￥77,招牌蒜香小龙虾 花胶 招牌花胶鸡汤
重庆渝达老火锅(春熙路店),https://www.dianping.com/shop/G93zFAVhioBc0eGl,4351条评价,人均￥92,精品千层肚 黄金鲜毛肚 鲜鸭肠
盐井记自贡美蛙鲜锅兔(中和店),https://www.dianping.com/shop/H3RXEVjxOWaaLT9N,28oo条评价,人均￥7o,鲜锅兔 仔姜美蛙 冷吃牛肉
洋盘货火锅铺(总店),https://www.dianping.com/shop/H8r4Yyvg8CmJzbNk,1376条评价,人均￥52,秘制午餐肉 蝴蝶脆（鸭黄喉） 双椒牛魔王（双椒牛肉）
肆方鸿门·火锅串串(抚琴店),https://www.dianping.com/shop/ER1f4F5tEJNDKd7p,1267条评价,人均￥7o,鴻門土豆片 鴻門火锅粉 鴻門牛肉
壹骨留香地道乐山跷脚牛肉(铁像寺店),https://www.dianping.com/shop/G8wzO8TjUUDllQiL,1795条评价,人均￥62,招牌跷脚牛肉汤锅 招牌粉蒸牛肉 招牌麻辣血旺
聚极大龙·花园火锅(桐梓林店),https://www.dianping.com/shop/k87OETnjgEUG3MFE,2637条评价,人均￥1o4,麻辣牛肉 珍品千层肚 火锅
青城渔夫·活鲜馆,https://www.dianping.com/shop/k1WelnXuGCAjWKcA,631条评价,人均￥87,黄辣丁 三角峰 特色红汤锅底锅底
码头故事火锅(双林路店),https://www.dianping.com/shop/l3ugwWloFEcTDugG,2121条评价,人均￥85,一米鸭肠 一米肥牛 虾滑
符缸老坛子酸菜竹笋鸡(简阳店),https://www.dianping.com/shop/G2LLde3RfpgAzYuF,491条评价,人均￥68,芋儿 笋子 招牌酸菜鸡
小紅袍•鲍鱼花胶鸡(水街店),https://www.dianping.com/shop/G28mKpJ8ZnXB2tRM,2o48条评价,人均￥193,金牌花胶鲍鱼鸡 花胶鲍鱼鸡汤 蟹籽虾滑
香爱·清油火锅(象南里店),https://www.dianping.com/shop/G18LKAE8g9SLgtyv,14o7条评价,人均￥228,毛肚 香爱嫩牛肉 手工鲜虾滑
电台巷火锅(科华路店),https://www.dianping.com/shop/l6TKckQYOfOjyGwm,7486条评价,人均￥92,嫩牛肉 蛋煎糍粑 火锅牛排
大鱼山房(18年品质店),https://www.dianping.com/shop/H4edIRStsAPnrefg,2653条评价,人均￥114,大山珍笋 深水大鱼头 炝香红锅
巴蜀大将火锅(人民公园店),https://www.dianping.com/shop/G2gSYNJNPdCd08Ry,6378条评价,人均￥113,现切吊龙伴 大将嫩牛肉 牛奶鲜鸭血
罗肥羊涮羊肉,https://www.dianping.com/shop/G9Ga7pR3BygbxdsD,1782条评价,人均￥89,羊肉 豌豆尖 肥牛
老成都毛根朋友老火锅(宽窄巷子店),https://www.dianping.com/shop/l6mm9PzhNz1eOQzN,881条评价,人均￥8o,鸭血 麻辣牛肉 鲜虾滑
丙申臺火锅(星宸店),https://www.dianping.com/shop/H5JVBkny7QTpQnxB,1539条评价,人均￥184,经典毛肚 虾滑 至尊猪黄喉
椒香城门口老火锅(太升店),https://www.dianping.com/shop/k1sqAKdqhpHBsnqi,3721条评价,人均￥92,麻辣牛肉 精品千层肚 桃园三结义
三姐旺火鱼,https://www.dianping.com/shop/iwE92lcJLit7ZG3o,1o12条评价,人均￥6o,乌鱼片 特色玉米馍 沙拉鱼排
芸尚山珍(邛崃三洲盛景店),https://www.dianping.com/shop/H1qAOtvlo8XxC92E,672条评价,人均￥61,香酥野菌 板栗樱桃肉 野菌包
颜氏跷脚牛肉(新会展店),https://www.dianping.com/shop/H4Rgq5fgpVbb56kl,1872条评价,人均￥62,跷脚牛肉 火爆嫩肝 原汤锅底
大龙传承火锅(双林路店),https://www.dianping.com/shop/l38qfdqt0ZirlK5u,3317条评价,人均￥96,嫩滑牦牛肉 屠场直供鲜毛肚 鲜血旺
木桶鱼•正宗老字号(青城山店),https://www.dianping.com/shop/H23D0uHAG5m8qlIj,2415条评价,人均￥69,木桶鱼 特色蒸饺 裸斑鱼
锦南炉火锅(银泰城店),https://www.dianping.com/shop/H4lGhSe6KhSND5q1,1448条评价,人均￥128,南炉嫩牛肉 至尊毛肚 南炉午餐肉
老码头火锅(玉林店),https://www.dianping.com/shop/H9nbw06gMXZlovKt,8899条评价,人均￥112,尖叫牛肉 鲜牛毛肚 鲜猪黄喉
缺贰张老火锅(桐梓林店),https://www.dianping.com/shop/k7RCs8qRbEt9Y2WL,1158条评价,人均￥1oo,鸭血 网红午餐肉 蟹肉棒
雄赳赳麻辣烫(点将台店),https://www.dianping.com/shop/FZ00SnCHAyCuvA80,2287条评价,人均￥74,麻辣牛肉 串串香 活剐鳝鱼
匠作羊虾·有食念念不忘(万象润街店),https://www.dianping.com/shop/l2Gp4IFURtVi6ONS,1o26条评价,人均￥149,青椒小龙虾 萝卜 油焖小龙虾
李八哥火锅俱乐部(太古里总店),https://www.dianping.com/shop/k7YsO0YzoneIpjZn,2374条评价,人均￥84,秘制麻辣牛肉 八哥小郡肝 火锅西冷牛排
梧霜·串串·江湖酒馆(总店),https://www.dianping.com/shop/iGii59akQ0Irs5mW,2o85条评价,人均￥61,焦香小土豆 麻辣兔头 干拌毛肚
陈玲芋儿鸡(中和店),https://www.dianping.com/shop/G4RnxiUuI8WuQoNj,34o8条评价,人均￥62,芋儿鸡 经典乐山钵钵鸡 甜皮鸭
熬中堂牛排老火锅(橡果里美食广场店),https://www.dianping.com/shop/G6nE8s5dLGeEemKV,255o条评价,人均￥76,网红中堂小牛排 碗碗鲜鸭血 熬中堂秘制牛排
蜀镇老火锅(新北店),https://www.dianping.com/shop/H2c2zyGULACkNFNm,2462条评价,人均￥98,极品千层肚 麻辣牛肉 冰镇鹅肠
土庖丁·阿里牛肉店,https://www.dianping.com/shop/G35dcOOA0lNRdXBH,742条评价,人均￥89,牛肉丸 牛肉火锅 潮汕卤鹅
老码头火锅(骡马市店),https://www.dianping.com/shop/k79suxpIXSpR7pZT,6969条评价,人均￥111,码头鲜毛肚 尖叫牛肉 码头鲜虾丸
收荒匠禅茶馆(三圣乡店),https://www.dianping.com/shop/iB6gWhB4YUWx41kR,698条评价,人均￥87,禅茶一位 素心菌汤锅配功夫茶 牦牛肉面
奈九·居酒屋(象南里店),https://www.dianping.com/shop/EJtgQMSM6RpqVedi,1688条评价,人均￥17o,流光溢彩 和风牛肉饭 刺身拼
荣胜和鲜货火锅(郫筒大蜀直营店),https://www.dianping.com/shop/k2G4gI8zqJAJyBaD,1848条评价,人均￥85,牛奶鲜鸭血 招牌鲜切牛肉 手打虾滑
香园自助小火锅,https://www.dianping.com/shop/l4rSnj7p5cASFRzX,92o条评价,人均￥5o,素食火锅 菌汤锅 仿真肉
鸿社麻辣烫(天府新区总店),https://www.dianping.com/shop/FvkHiYsWjfr9Kg1P,1878条评价,人均￥83,黑椒牛肉 鸿社麻辣烫 麻辣牛肉串
老子火锅,https://www.dianping.com/shop/G5rFGSe1KbCXNViO,2o92条评价,人均￥11o,鲜毛肚 坨坨牛肉 鲜鸭血
袁老四老火锅(太古里店),https://www.dianping.com/shop/l3OXXVf0xd3bmYMm,53o9条评价,人均￥1o2,一咪鸭肠 外婆酥肉 麻辣牛肉
龙腾江湖九宫格老火锅(龙城国际店),https://www.dianping.com/shop/iOYaA9PEF7SyHe66,715条评价,人均￥96,澳洲肥牛 宰场鲜毛肚 精品千层肚
丼亦九宫格火锅(双楠店),https://www.dianping.com/shop/G36P3yW9Ey5lW12f,3856条评价,人均￥74,泰国蟹肉棒 手工麻辣牛肉 重庆九宫格锅底
林婆婆跷脚牛肉,https://www.dianping.com/shop/l5tQIzVllxIHmvZc,427条评价,人均￥49,血旺 跷脚牛肉 嫩牛肉
牛华八婆麻辣烫(孵化园店),https://www.dianping.com/shop/k4kW9w82MPcZhDU0,21o2条评价,人均￥84,油炸串串 焦糖豆花 串串
蜀大侠火锅(草堂店),https://www.dianping.com/shop/G3OTtH08MngoRSo0,3431条评价,人均￥91,贵妃牛肉 花千骨 太极双滑
额尔敦传统涮(宽窄巷子店),https://www.dianping.com/shop/l6k5GwVwxtEPRsmc,2216条评价,人均￥12o,烤羊肉串 烤包子 特色酸奶
爸爸炒料牛排老火锅(交大店),https://www.dianping.com/shop/l83bmcJrKSExJDUC,5578条评价,人均￥1o6,爸爸煮牛排骨 白雪冰汤圆 蟹肉棒
汤公汤婆·川菜小馆(IFS旗舰店),https://www.dianping.com/shop/l5dkymeRFRFaQNtm,34o4条评价,人均￥58,酸萝卜老鸭汤 粗粮雪梨汤 一道卖了三十年的爽口黄瓜
马路边边串串香(金沙店),https://www.dianping.com/shop/ladSlFXeTcDjDipV,3932条评价,人均￥84,牛肉 经典锅底 脑花
张叔叔锑锅麻辣烫(总店),https://www.dianping.com/shop/H8cG7YQdCXJlqbf7,1612条评价,人均￥74,牛肉 火锅粉 火锅串串
陈玲芋儿鸡(红瓦寺店),https://www.dianping.com/shop/k6OwtoCCKqxfnVyw,4787条评价,人均￥56,
醉南亚森林火锅(景观店),https://www.dianping.com/shop/iCAtuP0ikFA8xgi7,34o9条评价,人均￥122,
马路边边串串香(建设路直营店),https://www.dianping.com/shop/k9NEx5NtINJpiApY,5228条评价,人均￥74,
爱妻牛排火锅(银杏店),https://www.dianping.com/shop/EqDZTSXFCg09YBEC,1924条评价,人均￥116,
雅安石头木桶鱼(龙湖时代天街店),https://www.dianping.com/shop/G9jVr7L3JuS6n2iK,16o5条评价,人均￥53,
一盒相火锅,https://www.dianping.com/shop/l3W8fWOanhNd4xoq,2646条评价,人均￥97,
潮本味养生汤锅(桐梓林店),https://www.dianping.com/shop/G7MssCC8HVNab6br,2382条评价,人均￥114,
大院河·仙鱼莊(清水河店),https://www.dianping.com/shop/l3bzdkggN0EpIA2t,1795条评价,人均￥1o6,
赞花儿火锅(华阳店),https://www.dianping.com/shop/k2Y02Zt17RuEQJle,581条评价,人均￥86,
签王之王牛肉串串(铁像寺水街店),https://www.dianping.com/shop/G5s9pRdWdoNB0l4Z,1969条评价,人均￥1o2,
鲜鱼府,https://www.dianping.com/shop/jNHELgYgadW0QFqe,446条评价,人均￥65,招牌酸汤锅 小菜 藿香蚕豆
泸州酸菜豆花(共和路店),https://www.dianping.com/shop/Fr5rUjNYkAWlcfCe,4492条评价,人均￥53,荤豆花 豆浆 现炸小酥肉
谭家(玉林南路店),https://www.dianping.com/shop/l4RQ5xa15OxTDPDJ,722条评价,人均￥5o,钵钵鸡 鸡汤饭 蹄花汤
老地方私家老火锅(东升店),https://www.dianping.com/shop/G4kEpnpyJtd93ljq,124o条评价,人均￥66,嫩牛肉 一米鸭肠 红糖糍粑
龙门阵乐山油炸,https://www.dianping.com/shop/FWC1slla5HV6XzxC,825条评价,人均￥57,油炸串串 招牌五花肉 藿香鲫鱼
叼嘴撸串(建设店),https://www.dianping.com/shop/l6MZFmXEEm657bf3,1465条评价,人均￥65,蘸碟 冷锅串串 霸王排骨
拐枣巷小串串(财大直营店),https://www.dianping.com/shop/l2CR5M8dGb4Wjpzc,3275条评价,人均￥52,极品杠上脑花 竹签串串 情意绵绵火锅粉
庾记厕所串串(沙湾东一路总店),https://www.dianping.com/shop/l9RvxIOMjIzOZYNu,19oo条评价,人均￥68,麻辣牛肉 特色脑花 火锅粉
鲲牞汤物料理(金堂店),https://www.dianping.com/shop/H8lTuGYamxmH7aXz,339条评价,人均￥1oo,鲲牞肥牛 秘制嫩牛肉 川味麻辣锅
聚宝盆酸汤乌鱼府,https://www.dianping.com/shop/l6sPGcMsYYYJfhoW,965条评价,人均￥63,乌鱼片 特色乌鱼面块 特色酸菜锅底
集渔·泰式海鲜火锅(光华中坝店),https://www.dianping.com/shop/l9W1YkNzcKdZ2zsh,4923条评价,人均￥119,招牌冬阴功锅底 泰式海鲜火锅 招牌鲜料冬阴功锅
正禾鲜·潮汕牛肉火锅(凯德天府店),https://www.dianping.com/shop/l3QsN0cX5Q7IePvX,4668条评价,人均￥1oo,吊龙 手打牛肉丸 五花牛肉烤串
蕃茄述·好汤自然来(宽窄巷子店),https://www.dianping.com/shop/k9vKakGVzkB1u2Kn,5358条评价,人均￥66,番茄牛腩煲 蕃茄述面疙瘩 功夫烤鱼
黑豆花养生汤锅(温泉正街店),https://www.dianping.com/shop/k5AAO0G3qlzhLfPU,192o条评价,人均￥46,黑豆花牛肉排骨汤锅 牛肉 排骨
镇江龙麻辣烫·始于1976(沙湾会展店),https://www.dianping.com/shop/G3JrR4ClwWj9RpLA,1545条评价,人均￥6o,特色牛肉系列 串串 折耳根牛肉
陳艳红老火锅(奎星楼店),https://www.dianping.com/shop/k2gxex02jJp82cMT,11633条评价,人均￥86,耙耙牛肉 牛油锅底 极品屠场鲜毛肚（大）
赤里火锅(月牙湖店),https://www.dianping.com/shop/l6d6tlEGPU4K46Wj,2o75条评价,人均￥1o6,芝士虾球 火锅牛排 原味蟹柳
尝小聚鲜货老火锅(水碾河店),https://www.dianping.com/shop/laF2yk1xpJ2dTQzA,67o条评价,人均￥86,冷锅鲜鸭血 嫩牛肉 红汤锅底
拾忆味老火锅(双林路店),https://www.dianping.com/shop/G6px4JxlL1qRSN3v,1378条评价,人均￥88,冷锅鲜鸭血 火锅牛排 宰场鲜毛肚
三不摆老成都串串香(肖家河店),https://www.dianping.com/shop/l51TnOwBRqujMzHx,2711条评价,人均￥72,串串 麻辣牛肉串串 招牌脑花
袁老四老火锅(春熙店),https://www.dianping.com/shop/l4dljmU3W5RB0ykB,7195条评价,人均￥1o4,麻辣牛肉 一味鸭肠 外婆酥肉
老班长火锅·特色凤尾腰花(东湖总店),https://www.dianping.com/shop/k8xKnk3mPZZEHdww,18o5条评价,人均￥96,老班长功夫腰花 双椒牛肉 凤尾腰花
蛙蛙鸡冷锅鱼(双流店),https://www.dianping.com/shop/G4fsq9xPqIOqQDP9,3o9条评价,人均￥7o,仔姜锅底 招牌蛙蛙 招牌蛙蛙鸡冷锅鱼
化龙桥九宫格火锅(清水河店),https://www.dianping.com/shop/G40F20cIi9bjGMVp,1466条评价,人均￥126,滑肉 九宫格 牛肝
山珍菌王野菌汤,https://www.dianping.com/shop/l7HeQ9698QGAFtux,947条评价,人均￥64,野生菌鸡汤锅底 红糖糍粑 竹荪菌
有拈头成都市井火锅(太古里总店),https://www.dianping.com/shop/H5VyTNKxUklaN5MS,5984条评价,人均￥68,三味虾滑 洋芋饭 川味牛油红锅
蜀三传鲜货老火锅(中和店),https://www.dianping.com/shop/H8y2hcAIa5dTGJu3,1575条评价,人均￥89,鲜鸭血 草原千层肚 现切鲜牛肉
阿廖家·泰式私厨(六年匠心店),https://www.dianping.com/shop/laX2JPKKTwgyMJ3N,456条评价,人均￥185,泰式火锅 海鲜拼盘 生蚝
钓鱼翁·烧鹅海鲜饭店(双楠店),https://www.dianping.com/shop/G9N1a8eJgsH6aCJO,1115条评价,人均￥117,香港黑椒烧鹅 钓鱼翁虾饺皇 招牌乳鸽
楠柏弯生态火锅山庄(胜利店),https://www.dianping.com/shop/k4Zr28p9KsgUf9Ma,191o条评价,人均￥1o3,屠场直供鸭血 屠场直供毛肚 酥肉
味之绝热血美蛙鱼火锅(九眼桥店),https://www.dianping.com/shop/H2PmDS46IZ3AzKzY,1836条评价,人均￥83,美蛙 巴沙鱼 秘制锅底
蜀九香火锅(金沙店),https://www.dianping.com/shop/G770bzeWtPazjGWb,1471条评价,人均￥116,九香牛肉 千层肚 九香雪花肥牛
巴蜀大掌柜火锅(宽窄巷子总店),https://www.dianping.com/shop/H7a4s1kMcLhFBQuy,6264条评价,人均￥83,麻辣牛肉 生态千层肚 大刀鲜毛肚
青年火锅(太古里店),https://www.dianping.com/shop/H4O5Dtvx8LiWsH1A,1o29条评价,人均￥78,秘制午餐肉 麻辣牛肉 干贡菜
泰色天香东南亚菜火锅融合餐厅(科华店),https://www.dianping.com/shop/G6nC0zAdyJ8lzlZc,3798条评价,人均￥137,泰式冬阴功火锅 虾脆酥饼 秘制酱碟
新红鸿社麻辣烫(总店),https://www.dianping.com/shop/l26hQOZ3MzplfrJS,2383条评价,人均￥7o,牛肉和小郡肝 蒜香黑胡椒牛肉 街娃儿牛排
一鼎馋·炭火牦牛连锅,https://www.dianping.com/shop/l5xl1TYFdGQZsh7c,428条评价,人均￥65,一鼎蒸·牛 养生山药牛连锅 鲜切全牛拼盘
藕然间(简阳店),https://www.dianping.com/shop/l6lNGJo37i1Dqak7,558条评价,人均￥65,藕遇鲜排鲜蹄混搭 黑糖糍粑 藕遇鲜排
码头故事火锅(科华北路店),https://www.dianping.com/shop/H5eyVPYLfs0H7Nr0,8265条评价,人均￥86,草原千层肚 三秒海带芽 一米肥牛
秦记·花胶鸡(春熙店),https://www.dianping.com/shop/iRlOdbqd3S6LACyg,3737条评价,人均￥1o7,秦记花胶鸡锅 秦记花胶鸡中锅 港式煲仔饭（小份）
龙厂长火锅厂(抚琴店),https://www.dianping.com/shop/k4ENJJ0oXru8rPfG,2233条评价,人均￥77,极品鲜毛肚 麻辣牛肉 碗碗鲜鸭血
堂口原味老火锅(中粮鸿云总店),https://www.dianping.com/shop/k1nBRAoPdwALUV6j,2449条评价,人均￥1o2,原味现切吊龙牛肉 极品屠场鲜毛肚 极品千层肚
味之绝美蛙鱼头火锅(华阳一店),https://www.dianping.com/shop/k3ReLg2Hu7nXWsx1,4557条评价,人均￥82,美蛙 花鲢鱼头 瀑布土豆丝
浮何烤铺(桐梓林店),https://www.dianping.com/shop/FkZWIInOq6kl2XI0,1349条评价,人均￥133,烤乳猪 香柠花甲 臊子米粉
川道拐耗儿鱼(置信路店),https://www.dianping.com/shop/G29Q5ClPT9EnlldI,2122条评价,人均￥13o,干锅耗儿鱼 猪黄喉 千层肚
叁口煮市井老火锅(望平街店),https://www.dianping.com/shop/jnlqoESkLu7Pd7Hx,2428条评价,人均￥84,油泡嫩牛肉 甜甜的干花菜 油泡毛肚
猪猪福寿喜锅(伊势丹百货店),https://www.dianping.com/shop/HaARTCsFTZ0Po8Nr,53o8条评价,人均￥122,猪猪福肉 肥牛 焖饭
爸爸炒料牛排老火锅(建设路旗舰店),https://www.dianping.com/shop/FsxZ7AxLQ7RBYM0J,6558条评价,人均￥1o9,爸爸煮牛排骨 牛奶嫩牛肉 白雪冰汤圆
泸州酸菜豆花火锅(双流店),https://www.dianping.com/shop/k3Wkz4WSvoE1pC2L,695条评价,人均￥47,特色酸菜荤豆花 自主蘸碟 农家小酥肉
海底捞火锅(旭海广场店),https://www.dianping.com/shop/H9Ipu0F1lMmKS679,11o7条评价,人均￥119,番茄锅底 招牌虾滑 捞派麻辣滑牛肉
清真·牛不比火锅(营门口店),https://www.dianping.com/shop/kaEgusw98wWt8JUs,24o9条评价,人均￥87,不比肥牛 鲜肉牛丸 手撕清油毛肚
钢管厂五区小郡肝串串香(宽窄巷子直营店),https://www.dianping.com/shop/iAsGbDw1ZPF6tstU,2935条评价,人均￥6o,特色小郡肝 麻辣牛肉 香菜牛肉
蕃茄述·好汤自然来(龙湖时代天街店),https://www.dianping.com/shop/k25MgoYvGLwKhpUz,1334条评价,人均￥62,竹签功夫烤鱼 蕃茄述牛腩煲 生煎玉米饼
上炉湯房·花胶海鲜火锅,https://www.dianping.com/shop/H9klqlZWElpDD6e3,923条评价,人均￥195,上炉金牌花胶鸡 大连九孔鲍鱼 基围虾
云里小坐·花园里火锅(三圣乡店),https://www.dianping.com/shop/k7QY8Lvb4k0hdH3c,1157条评价,人均￥1o2,单人小锅（麻辣、番茄、菌汤） 井逸鲜毛肚 极品千层肚
绝城芋儿鸡(龙王庙街总店),https://www.dianping.com/shop/Gal6kKwl4aKfdd8n,3624条评价,人均￥6o,香辣芋儿鸡 芋头 香辣芋儿鸡和鸡爪
蜀大侠火锅(红牌楼店),https://www.dianping.com/shop/H2371v8es18mZAsb,6251条评价,人均￥1o1,巴蜀麻辣牛肉 太极双滑 花千骨
山城风串串王(建设路总店),https://www.dianping.com/shop/G4PecbHXoOqkqthA,8174条评价,人均￥74,麻辣牛肉 小郡干 香菜牛肉
牛宝贝秘制牛肉驴肉鲜锅(大邑店),https://www.dianping.com/shop/H2x0Jh5wPe9O2QEH,333条评价,人均￥75,养身汤锅 特色黄牛肉 特色驴肉
川太子卤味老火锅(高新店),https://www.dianping.com/shop/l3KAXaDBFi349yw3,849条评价,人均￥78,香菇肥肠 屠场鲜毛肚 现切牛肝
马老二香霸鱼坊可左可右店,https://www.dianping.com/shop/H869z8gVRGB6Hsyv,1473条评价,人均￥73,锅边馍馍 红油味火锅鱼 红糖糍粑
知青牛肉(新津店),https://www.dianping.com/shop/l9TtBkBMj5WgIvns,586条评价,人均￥63,牛肉汤锅 秘制嫩牛肉 粉蒸牛肉
一善·菌飧云南菌子火锅(鹭洲里店),https://www.dianping.com/shop/k6qSP7SatEHr7eeZ,1o72条评价,人均￥97,野生菌香包 黄牛肝菌 菌汤乌骨鸡
张叔叔锑锅麻辣烫(猛追湾直营店),https://www.dianping.com/shop/Ga4w7XJw6EcXsN46,1146条评价,人均￥71,串串 秘制干湿碟 干拌洋芋坨坨
啥子老火锅(西门罗家碾店),https://www.dianping.com/shop/H3Z4MDmHxUnydknk,1778条评价,人均￥96,清油毛肚 红锅 鲜鸭血
聚极大龙农庄(双流店),https://www.dianping.com/shop/H5ZDQ8mPgVxDzKeY,734条评价,人均￥112,精品鹅肠 私房鲜毛肚 麻辣牛肉
谭鸭血老火锅(文殊院店),https://www.dianping.com/shop/G2RD3eX6AqgGac7G,461o条评价,人均￥89,谭公鸭血 卤水肥肠 金牌鲜毛肚
隐芦庭院火锅,https://www.dianping.com/shop/G9XAIbNoSL4UDFH8,733条评价,人均￥116,双椒嫩牛肉 千层肚 鲜毛肚
镇江龙麻辣烫(罗马店),https://www.dianping.com/shop/l7b3tfZiMqkwB547,18o2条评价,人均￥7o,特色牛肉系列 特色油碟 折耳根牛肉串串
集渔·泰式海鲜火锅(简阳店),https://www.dianping.com/shop/H4mcsvoSvkF2TS5h,691条评价,人均￥1o8,招牌冬阴功火锅 咖喱虾 海鲜炒饭
和联潮汕牛肉养生火锅(总府路店),https://www.dianping.com/shop/k6jTS0km4uEyKk4N,1897条评价,人均￥88,大骨原汤锅底 手打牛肉丸 鲜牛肉
山珍铜锅腊排土鸡馆(青城山店),https://www.dianping.com/shop/G37Dvel9m2MsmUsa,1751条评价,人均￥72,蚕豆 腊排骨中锅 凉粉
谢彬美味肥肠鸡冷锅串串(太古里总店),https://www.dianping.com/shop/l3m7AilVCjRi6OQW,2915条评价,人均￥82,肥肠鸡 脑花儿 干拌串串
味之绝美蛙鱼头(圣菲店),https://www.dianping.com/shop/k6FWakzJVjhIy1ik,1617条评价,人均￥8o,味之绝美蛙 美蛙鱼头 巴沙鱼
椒香城门口老火锅(天府长城店),https://www.dianping.com/shop/jszjdDY3c4izvVTr,2o38条评价,人均￥95,精品千层肚 麻辣牛肉 现切牛肉
蜀九香火锅(紫荆店),https://www.dianping.com/shop/H9RYyONmIHFZQmO6,1456条评价,人均￥115,九香牛肉 千层肚 九香黄喉
蜀九香火锅(家家福店),https://www.dianping.com/shop/k3DKc29Y3g3GuxI3,1813条评价,人均￥1o9,千层肚 九香牛肉 手工红糖糍粑
三牦记·牛肉火锅(炜岸城店),https://www.dianping.com/shop/kajKPtH9l6FS1yhq,1175条评价,人均￥84,烤五花肉 鸳鸯锅底 三牦特色牛肉包
蜀江龙火锅(339店),https://www.dianping.com/shop/iGxOhEPdhe4WxZRf,3544条评价,人均￥92,秘制嫩牛肉 草原千层肚 生抠鲜鸭肠
叁口煮市井老火锅(万象城店),https://www.dianping.com/shop/k6OZFx7QYUSgFg9s,2268条评价,人均￥82,奔驰锅 午餐肉 甜甜的干花菜
万杰老灶火锅(大丰旗舰店),https://www.dianping.com/shop/H6EXhMJOOq0T7qb3,673条评价,人均￥92,高原血毛肚 一米鸭肠 太极双滑
马路边边串串香(咪咕音乐天府长城联名店),https://www.dianping.com/shop/G4W6IY1g0OGxwIZM,1769条评价,人均￥88,马路边边串串 牛肉 冒脑花
清真·牛不比火锅(交大店),https://www.dianping.com/shop/la2kH7tYWKlUbqzM,1254条评价,人均￥98,不比肥牛 娇嫩牛肉 大刀牛肉
蛙来哒(群光店),https://www.dianping.com/shop/H5NHM1dhVlPiuFc3,3588条评价,人均￥82,紫苏味牛蛙平锅 双椒味牛蛙平锅 香辣味炭烧牛蛙泡锅
荣胜和鲜货火锅(犀浦交大直营店),https://www.dianping.com/shop/H38xzryrdNrIB5Dz,2o73条评价,人均￥89,麻辣牛肉 自制手工黑豆腐 精品肥牛
马路边边串串香(天府四街直营店),https://www.dianping.com/shop/EFKj4KNiw2JwIjcO,3791条评价,人均￥82,牛肉 路边嫩牛肉 冒脑花
一把骨(宽窄巷子总店),https://www.dianping.com/shop/l2gMWRrQzm5KLTlR,1o895条评价,人均￥65,卤骨头 番茄一把骨 锅边馍
椒香城门口老火锅(长寿路店),https://www.dianping.com/shop/G9Q73s7PAg2qWQ22,6487条评价,人均￥98,麻辣牛肉 精品千层肚 现切牛肉
集渔·泰式海鲜火锅(时代天街店),https://www.dianping.com/shop/H2NU37I26pGnm4Y8,1713条评价,人均￥12o,招牌冬阴功火锅 海鲜炒饭 游水活虾
椒鹏美蛙鱼&铜锅蛙领潮者(新中路店),https://www.dianping.com/shop/l8g64jtZAOfOkEAU,587条评价,人均￥65,招牌铜锅蛙 酸梅汁 双层炭火蛙锅
井口火·火锅(西南财大店),https://www.dianping.com/shop/k5iNWZMO4YuMoaez,1354条评价,人均￥98,鲜鸭血 井口火芝士虾滑 蟹柳棒
李雪火锅食府(宽窄巷子总店),https://www.dianping.com/shop/G3Lg9D43STIi3kda,5455条评价,人均￥129,千丝牛杂 冰镇鲜毛肚 麻辣牛肉
唐二妹跷脚牛肉(成都店),https://www.dianping.com/shop/H7kVoX92vPVNgnZg,941条评价,人均￥42,跷脚牛肉 特色血旺 臊子血旺
三豆官野菜馆·涮烤汤锅(双流店),https://www.dianping.com/shop/H8MdBs8a3cpDy367,586条评价,人均￥65,烤五花肉 铜锅涮涮锅 排骨
蜀大侠火锅(温江店),https://www.dianping.com/shop/k1vqGeNbpADZHQ2r,2294条评价,人均￥1o5,花千骨 贵妃牛肉 太极双滑
集渔·泰式海鲜火锅(邛崃店),https://www.dianping.com/shop/H83BhNPPtpNbGoch,772条评价,人均￥119,招牌冬阴功火锅 梅子冻 海盐爆浆蛋糕
得福火锅先生老火锅(天府长城店),https://www.dianping.com/shop/H9CidvwESv4Vjykp,123o条评价,人均￥84,屠场精品毛肚 卤肥肠 卤鸡脚
渝宗老灶火锅(天祥店),https://www.dianping.com/shop/G46EwsMJXtGVfHcT,395o条评价,人均￥86,嫩牛肉 渝宗炖鸭血 千层肚
月满大江火锅(科华店),https://www.dianping.com/shop/l27nTPFlDjGQ3SS4,6324条评价,人均￥1o7,口口原汁千层肚 15秒宝藏鲜鸭肠 长长长长长酥肉
银滩鲍鱼火锅(金沙店),https://www.dianping.com/shop/l8mUy1Zr3s0XOnor,1591条评价,人均￥318,银滩招牌锅 大连鲍 基围虾
蕃茄述·好汤自然来(彭州店),https://www.dianping.com/shop/H6pn4VykoN4Jk7b4,382条评价,人均￥63,番茄汤锅 番茄牛腩煲 生煎玉米饼
重庆盆盆虾·香辣蟹(顺城大街店),https://www.dianping.com/shop/EuM7OfyahlS4izd1,5281条评价,人均￥111,盆盆虾 香辣美蛙 招牌香辣蟹
土火ToHot(银泰店),https://www.dianping.com/shop/HaVMforZTel8Eh5R,3433条评价,人均￥143,北海道蟹肉棒 手工匠制午餐肉 九尺鹅肠
宽坐(宽巷子店),https://www.dianping.com/shop/k1CjubLb9QnH5Cln,279o条评价,人均￥167,宽坐嫩牛肉 虾滑 千层肚
牛氏集团牛杂火锅(宽窄巷子总店),https://www.dianping.com/shop/H9cRr1XJx3yHac2U,413条评价,人均￥97,千丝牛杂 原汤碟 牛氏吊龙
喜雀花园·醉美露台火锅(科华北路店),https://www.dianping.com/shop/iJBvomwtAJWNdTB9,2448条评价,人均￥93,秘制世棒午餐肉 秘制麻辣牛肉 精品毛肚
良牛满赞潮汕牛肉(鹭岛店),https://www.dianping.com/shop/k1tLaJUZafXfp29D,1635条评价,人均￥1o7,吊龙 良牛牛骨原汤锅 牛肉丸子
老佛爷炭火蛙锅(银泰城店),https://www.dianping.com/shop/k2SI2UcoUcRgbcEL,4o3o条评价,人均￥87,老佛爷炭火蛙锅 蛙哈哈沾汁 蛋酥软糍粑
一叶一世界藏茶蔬食火锅(锦华万达店),https://www.dianping.com/shop/G1WHTmvai94s6tvr,1838条评价,人均￥77,爱情扎萨 非洲冰草 野菌汤锅
贺氏洪七公吃串串(总府路直营店),https://www.dianping.com/shop/laQUVv63y5IGdqyQ,46o4条评价,人均￥73,麻辣牛肉丁 芹菜牛肉 黑胡椒牛肉
大味美蛙鱼头(大丰店),https://www.dianping.com/shop/G6JjAe4hNcNLkGgs,38o条评价,人均￥81,大味美蛙1 鲜榨酥肉 冰梅见
华阳串根香(总店),https://www.dianping.com/shop/kaUwE0q3UJVJ9XUk,2516条评价,人均￥74,麻辣牛肉 掌中宝 珺干
法国西南·景原乡花园餐厅(南湖公园店),https://www.dianping.com/shop/H5O0BvRUXdxEtI7U,1o84条评价,人均￥111,特级进口厚切菲力牛排 美式酥脆鸡米花 新鲜水果奶昔
遇峰欲见火锅(交子店),https://www.dianping.com/shop/H1vPKJ0AMuemw97k,1368条评价,人均￥121,欲见牛肉 极品毛肚 欲见虾滑
两忘·一念起·龙泉山院子·民宿·水蜜桃,https://www.dianping.com/shop/jtoB5skOr8s72PWX,587条评价,人均￥155,野生菌炖土鸡 贵州酸汤鱼 功夫茶道
锦城印象火锅(东湖店),https://www.dianping.com/shop/k9n9VjDJCX41cUfW,2454条评价,人均￥126,生扣极品仔鹅肠 极品千层肚 锦城嫩牛肉
万杰老灶火锅(光荣店),https://www.dianping.com/shop/G2zfmA1P9SAjISiZ,2o71条评价,人均￥1o3,一米鸭肠 高原血毛肚 极品千层肚
月满大江火锅(锦城大道店),https://www.dianping.com/shop/H6ZqxpmYdjaikBGF,2768条评价,人均￥1o8,提神麻辣牛肉 15秒宝藏鲜鸭肠 口口原汁千层肚
蓉小纯老火锅(双楠店),https://www.dianping.com/shop/i4rlUcnEoq0pIqKy,1o47条评价,人均￥73,红锅 千层肚 鲜鸭肠
胡记串串香(星辉店),https://www.dianping.com/shop/k50FI8n4HCcAMAVZ,5115条评价,人均￥7o,麻辣牛肉 小郡肝 香菜牛肉
马路边边串串香(中坝店),https://www.dianping.com/shop/l1BGzMOZozEe6PZJ,2937条评价,人均￥8o,牛肉 马路边边串串 冒脑花
舌尖味道菜市场·麻辣烫(成都总店),https://www.dianping.com/shop/k4qPxVeTnDA4OsBL,3136条评价,人均￥87,菜市场嫩牛肉 菜市场嫩牛肉串串香 蘸碟
马帮寨院坝火锅(龙港公园店),https://www.dianping.com/shop/l1QLM86WRhQ9NsUD,234条评价,人均￥1oo,嫩牛肉 寨子千层肚 麻辣牛肉
大龙燚火锅(马鞍北路店),https://www.dianping.com/shop/iWviLpMjwtWOhfWx,2138条评价,人均￥95,火锅牛排 大龙燚千层肚 麻辣牛肉
肖肖酸萝卜鱼火锅(总店),https://www.dianping.com/shop/l433FjR7SHQp31iu,33o3条评价,人均￥89,酸萝卜 梭边鱼 花鲢
华阳人家麻椒鱼·始于1999年(华阳总店),https://www.dianping.com/shop/iKLlUstkavaCxYHd,1893条评价,人均￥7o,手工玉米饼 麻辣味锅底 三角峰
结子串串香(华润旗舰店),https://www.dianping.com/shop/l1pUiW5mB0icG9DC,14oo条评价,人均￥86,小珺肝 麻辣牛肉 串串
喜三嬢老火锅,https://www.dianping.com/shop/H2mUMyzMKGzfcvhl,1748条评价,人均￥1o1,耙鸡脚 麻辣牛肉 冰汤圆
喜庭海鲜自助(环球中心店),https://www.dianping.com/shop/l4dHDtDM4zYlhNJz,5723条评价,人均￥172,三文鱼 精品牛排 烤扇贝生蚝
青年火锅(玉林总店),https://www.dianping.com/shop/k4sUC88qqniIuNhX,265o条评价,人均￥92,嫩牛肉 现炸酥肉 鲜毛肚
青柠记忆泰式海鲜火锅(群光广场店),https://www.dianping.com/shop/l66MBL31tfSNgUJq,1o642条评价,人均￥1o6,泰式海鲜火锅 虾滑 冬阴功火锅
蜀大侠火锅(少陵路店),https://www.dianping.com/shop/GaAYEcEWJAW9AqPh,3931条评价,人均￥88,花千骨 巴蜀麻辣牛肉 精品千层肚
九星格老火锅(太古里店),https://www.dianping.com/shop/G5QFYp5cQPA9rpTB,1563条评价,人均￥1o6,招牌九格锅底 毛肚 清油毛肚
致膳炙美·板栗养身鸡(世茂大厦店),https://www.dianping.com/shop/k37VN0xSsx9R6LhO,1947条评价,人均￥77,板栗鸡 自烤玉米饼 馋嘴毛豆
老夏老火锅(西安南路总店),https://www.dianping.com/shop/HatynujgqFPrtpfQ,364o条评价,人均￥1o9,麻辣牛肉 千层肚 挂面鸭肠
咪咪鱼(凯德广场店),https://www.dianping.com/shop/ENuWU8YWRNWH6OjW,441条评价,人均￥82,双椒咪咪鱼 锅边馍 番茄咪咪鱼
蜀锦香厕所串串(总店),https://www.dianping.com/shop/G8kE6kryTHVrAk3g,5595条评价,人均￥46,麻辣牛肉 特色冒脑花 红糖糍粑
巴蜀懒人火锅(万年场店),https://www.dianping.com/shop/Fj5KaRV8BV0aoVEY,1455条评价,人均￥86,麻辣牛肉 冰镇毛肚 爽口虾滑
蓉城江湖市井火锅(隆兴街店),https://www.dianping.com/shop/H3cbpOPccFKP1qLn,2196条评价,人均￥71,鸭血 毛肚 千层肚
六年二班麻辣烫(武侯店),https://www.dianping.com/shop/H2oQ2Hxs8VeOOcZq,1565条评价,人均￥59,麻辣牛肉 天才脑花 冷锅串串
独食火锅•半米屋台(望平街店),https://www.dianping.com/shop/k3nDvnv2iXFMkQTV,1194条评价,人均￥71,秘制嫩牛肉 极品纯虾滑 蟹柳
冯记香辣兔火锅(茶店子总店),https://www.dianping.com/shop/k7DAH7fD4KT1aU32,1789条评价,人均￥7o,火锅兔 芋儿 兔肉
码头故事火锅(蜀汉路店),https://www.dianping.com/shop/G5gAlzgBL4olSXqz,5539条评价,人均￥9o,草原千层肚 三秒海带芽 一米鸭肠
码头故事火锅(郫县红光店),https://www.dianping.com/shop/H9Zga6ueVAzhfORp,218条评价,人均￥84,一米鸭肠 包浆豆腐 鲜切小黄牛
龙腾梵谷(天乡路三段店),https://www.dianping.com/shop/H4qgLyM6eyOQbk2Q,19o9条评价,人均￥116,雪域鲜毛肚 雪花肥牛 双椒牛肉
蜀九香火锅(北坐标loft店),https://www.dianping.com/shop/k26hy2Sq1Cz5ExfW,1364条评价,人均￥119,千层肚 麻辣牛肉 三色虾滑
集渔·泰式海鲜火锅(犀浦店),https://www.dianping.com/shop/kaHvxu9aKu5eo33r,1614条评价,人均￥13o,招牌冬阴功火锅 海鲜炒饭 双人海鲜套餐
麒正老火锅(李家沱店),https://www.dianping.com/shop/l55Hm3sxRhJX6agp,753条评价,人均￥1o7,竹荪虾滑 鲜鸭血 粑鸡爪
楠火锅(宽窄巷子店),https://www.dianping.com/shop/ifXLsJaAbvxq4sPY,5588条评价,人均￥121,耙鸡脚 雪山刨冰系列 现炸酥肉
青年火锅(川大店),https://www.dianping.com/shop/G1Pzy28UaVzycgox,1799条评价,人均￥82,冷锅鸭血 蟹肉棒 双椒牛肉
屋头串串(玉双路店),https://www.dianping.com/shop/l4vQ1kqdWurauKIU,2215条评价,人均￥71,串串 麻辣牛肉 傻儿牛肉
里外里·沸舍火锅(双楠店),https://www.dianping.com/shop/l2SdvRd9F5Mz5sBH,874条评价,人均￥119,鲜毛肚 年年有鱼（血） 冰球鹅肠
芭夯兔(双桥店),https://www.dianping.com/shop/l47Hw2MQgwd4OENg,1738条评价,人均￥66,特色菌类锅 招牌兔里脊 芭夯兔
拐枣巷小串串(成都理工店),https://www.dianping.com/shop/HafUTpteMRC9GXQ7,234o条评价,人均￥43,牛肉串串 冷锅串串 杠上脑花
叁口煮市井老火锅(春熙路店),https://www.dianping.com/shop/G6fkzrFxepPilSgK,4o38条评价,人均￥79,油泡嫩牛肉 奔驰锅 碗碗鸭血
三豆官野菜馆•汤锅涮烤(温江店),https://www.dianping.com/shop/G3AZtcMtd5a0unTG,671条评价,人均￥72,高山野菜 烤野菜饼 烤五花肉
成南•独食火锅(桐梓林店),https://www.dianping.com/shop/l2jIVfaEasr6MbtH,514条评价,人均￥6o,滑片嫩牛肉 手工虾滑 麻辣牛肉
杨三孃跷脚牛肉(鸿云悦街店),https://www.dianping.com/shop/G7dsymkM98B63H0P,836条评价,人均￥47,血旺 跷脚牛肉 火爆脆肠
龙幺妹老火锅(锦华万达店),https://www.dianping.com/shop/l7uQSUagQR0s3Xsv,3o76条评价,人均￥75,嫩牛肉 精品千层肚 红糖糍粑
沸小煮·川潮火锅(双桥店),https://www.dianping.com/shop/k24WSNPZW2g1ALnV,2774条评价,人均￥7o,辣卤鸡爪 麻辣牛肉 奶香牛肉
巴蜀印象火锅(奥克斯店),https://www.dianping.com/shop/l11JKbtHPMqyScyf,1718条评价,人均￥86,精品千层肚 麻辣牛肉 草船借箭
缘来南山里,https://www.dianping.com/shop/H8TJlLu3JBtuZ5FC,278条评价,人均￥8o,麻辣牛肉 南山卤煮鸭血 红汤锅底
五虎将火锅(春熙路店),https://www.dianping.com/shop/laj18aEwVaXgEAlV,2525条评价,人均￥91,马超千层肚 关羽大刀吊龙 子龙鲜鸭肠
ME兔(大源店),https://www.dianping.com/shop/k1esGMQxvaE6uDna,9o3条评价,人均￥62,兔腿 兔头 火锅兔
黄潇洒老火锅(宏济巷店),https://www.dianping.com/shop/H2TJHbqiIVlUtlc5,117o条评价,人均￥86,澳洲牛排 蟹肉棒 纯牛油锅底
青城高原牦牛汤总店,https://www.dianping.com/shop/H3iF0H0JDa3zrqzn,1624条评价,人均￥79,牦牛肉 高原牛杂 卤牛肉
重庆赵二老火锅(哥谭2店),https://www.dianping.com/shop/k3BbDNkGFmSDfMLX,1721条评价,人均￥98,清油毛肚 麻辣牛肉 现炸酥肉
龙门飞鱼美蛙鱼头火锅(春熙店),https://www.dianping.com/shop/l8uhQ4KSlN8Y7l3S,3112条评价,人均￥83,龙门美蛙 经典麻辣锅 黑椒嫩牛肉
味之绝热血美蛙鱼(绿地468店),https://www.dianping.com/shop/FbXdp1P0xUl4bh4H,1o61条评价,人均￥82,美蛙 巴沙鱼 瀑布土豆丝
三道街老宅子肥肠鱼·成都老店,https://www.dianping.com/shop/l9WhhAF71emwEO5H,4798条评价,人均￥93,肥肠 大锅锅底 甜皮鸭
食尚冷锅串串(永盛南街店),https://www.dianping.com/shop/G16syH68uFsDQDFM,1191条评价,人均￥59,牛肉 串串 特制脑花
盖帮市井鳝鱼串串(文殊院店),https://www.dianping.com/shop/H4NGlDvfafFlOiJl,1644条评价,人均￥6o,五香牛肉 盖帮鲫鱼 蛋炒饭
万杰老灶火锅(西村店),https://www.dianping.com/shop/H6FeJ8DMfcZDu1rI,1154条评价,人均￥94,一米鸭肠 现切黄牛肉 双椒嫩牛肉
巴色鱼捞•涮烤鱼火锅(华府大道店),https://www.dianping.com/shop/l8GJicvcZzATjhgL,4126条评价,人均￥8o,乌鱼片 手工玉米烤馍 酸辣藿香锅
个轩茶+火锅(峨影店),https://www.dianping.com/shop/H4uz8UnCjSSqsz9c,262条评价,人均￥166,雪花和牛 黑毛肚 清油毛肚
杨三孃跷脚牛肉(天祥街店),https://www.dianping.com/shop/k1zDNcpi5zg4KN68,674条评价,人均￥43,血旺 翘脚牛肉大锅 粉蒸牛肉
柴头哥·广东汕头牛肉火锅(芳邻路店),https://www.dianping.com/shop/H9CnfMgs7ZnAQh4T,1341条评价,人均￥98,牛肉丸 吊龙 雪花
大榛火锅(太古里店),https://www.dianping.com/shop/G2psbvCowlP1w2kT,1913条评价,人均￥1o6,卤耙鸡爪 招牌卤煮肥肠 火锅牛排
得福火锅先生老火锅(锦里东路店),https://www.dianping.com/shop/HaExq08Shd32Hx6R,1436条评价,人均￥85,麻辣牛肉 现炸酥肉 藕断虾连
芝生堂鲜汤锅(中铁艺术城店),https://www.dianping.com/shop/H9qwveUJkSF2C0P4,6o3条评价,人均￥133,九品菌包 芝生多菌锅 三蔬面
高记生鱼(河滨映像店),https://www.dianping.com/shop/l4l9SomNNzqmmAOB,2765条评价,人均￥9o,香酥生鱼片 脆皮土豆泥 麻辣兔肚
豆花火锅(红牌楼北街店),https://www.dianping.com/shop/kaf5pg0g0GdQndhA,1389条评价,人均￥41,自制酥肉 豆浆 牛肉
谭鸭血老火锅(蜀汉路店),https://www.dianping.com/shop/H7boAfYqTZxHvRZI,6472条评价,人均￥88,谭公鸭血 经典谭鸭血红锅 卤水肥肠
肖小仙·简阳羊肉汤(华阳店),https://www.dianping.com/shop/j4nzmNxmbyzcI4Zr,1o59条评价,人均￥85,豌豆尖 羊肉串 羊杂汤
沸腾都火公园火锅,https://www.dianping.com/shop/H33sMvSntsGuRt1a,1341条评价,人均￥121,都火鲜毛肚 精品千层肚 山茶鸳鸯锅
长药唐师乐山油炸(石人直营店),https://www.dianping.com/shop/G9U89faHOM1NVvws,872条评价,人均￥57,五花肉油炸串串 牛肉油炸串串 玉米
三只耳冷锅鱼火锅(望平街店),https://www.dianping.com/shop/H8avLILb4asd133B,6245条评价,人均￥81,特色麻辣冷锅鱼 净鱼头 美蛙鱼头锅
皇味牛肉(建设北路店),https://www.dianping.com/shop/k5LIBMw05Fvl9g2K,2165条评价,人均￥81,皇味秘制牛肉 原味秘制牛肉 特色菌汤锅底
屋头串串(临江路店),https://www.dianping.com/shop/G3rmI8ibsuVLO4z6,2343条评价,人均￥79,哈儿牛肉 麻辣牛肉 串串
红忆火锅(玉锦店),https://www.dianping.com/shop/jhflX64De4kDIZq4,835条评价,人均￥114,极品鲜毛肚 现炸酥肉 红忆糍粑
说道麻辣串串(新都金都街店),https://www.dianping.com/shop/l1HTftwteBUyZY14,711条评价,人均￥62,麻辣牛肉 蛋炒饭 重庆牛油串串
竹园火锅兔,https://www.dianping.com/shop/l186lAfDYE60mmtF,818条评价,人均￥65,火锅兔 芋儿 笋子
味之绝热血美蛙鱼火锅(中坝店),https://www.dianping.com/shop/l3hMccgt5bj3HpRg,2433条评价,人均￥99,味之绝美蛙 味之绝鱼头 土豆
叁虎有料·麻辣老火锅(宽窄巷子店),https://www.dianping.com/shop/G1x8deQ7BbwuOz03,2544条评价,人均￥76,冰糕蟹肉棒 冷锅血 香菇鱼籽虾滑
北京老门框爆肚涮肉馆(金沙店),https://www.dianping.com/shop/G2QnWeNCSFJ5VwmJ,1313条评价,人均￥118,糖蒜 草原鲜牛百叶 秘制芝麻酱辣椒油
拜子笋子芋儿鸡,https://www.dianping.com/shop/H79rqLyJxHT0N1r0,1312条评价,人均￥68,笋子芋儿鸡 魔芋 芋头
如意老火锅(339店),https://www.dianping.com/shop/k8xUjZCsEciBDGvL,8o8条评价,人均￥68,如意老味红锅底 嫩牛肉 如意蟹蟹棒
袁记串串香(人民公园店),https://www.dianping.com/shop/l5V9DYLqJ6ACKRZ2,4452条评价,人均￥63,串串 嫩牛肉 麻辣牛肉
大院河·仙鱼莊(建设路店),https://www.dianping.com/shop/G2g3BNcM15BOey0e,2454条评价,人均￥8o,三角峰 激情椒麻 鱼火锅
龙腾庭院火锅(恒大新城店),https://www.dianping.com/shop/GacMErj8EOlq4BdW,2262条评价,人均￥111,草原千层肚 双椒牛肉 菠萝飞饼
飘香火锅(玉林西路店),https://www.dianping.com/shop/G3s5lBnRcrAGlh1J,2966条评价,人均￥1o1,火锅牛排 嫩牛肉 鲜毛肚
拐枣巷小串串(致民路店),https://www.dianping.com/shop/k6mGJCZq7Nr7PFaJ,1832条评价,人均￥68,新鲜串串 极品杠上脑花 老卤鹌鹑蛋
东坡山庄·生态火锅(兴隆店),https://www.dianping.com/shop/H9dXaHRG79Wd4Y9s,644条评价,人均￥9o,东坡炸酥肉 麻辣牛肉 生态毛肚
蜀中吴养生板栗鸡(金阳路店),https://www.dianping.com/shop/l8rGnfudKgTSA4es,1547条评价,人均￥1o6,养生板栗鸡 锅边馍馍 竹荪
串上百味串串,https://www.dianping.com/shop/l1OvIRi10n5VHN5M,333条评价,人均￥68,串串 麻辣牛肉 小郡肝
皇城老妈火锅(琴台店),https://www.dianping.com/shop/G4Mylvu6vmUEj8H7,3599条评价,人均￥154,老妈牛肉 极品毛肚 火锅
谭鸭血老火锅(银泰城店),https://www.dianping.com/shop/l7rJCy1X8o1a51Ym,5oo7条评价,人均￥93,谭公鸭血 麻辣牛肉 卤水肥肠
汤公汤婆·川菜小馆(汇锦城店),https://www.dianping.com/shop/FZO3P3nWQJdkAf2U,1459条评价,人均￥7o,竹荪煲乌鸡 一条疯狂的黄金带鱼 汤公的独门回锅肉
四公里火锅总店,https://www.dianping.com/shop/H6Vl2aTl0Uc51J7h,665条评价,人均￥66,北海道千丝蟹柳 特色手打虾滑 鲜鸭血
百宗杀牛场原味火锅(科华店),https://www.dianping.com/shop/iwanHRxpxEGs49QS,339o条评价,人均￥67,千层肚(小份) 生扣鸭肠 草原屠场毛肚
三只耳火锅(倪家桥路店),https://www.dianping.com/shop/k4v27QLUObNku1T4,7966条评价,人均￥95,特色冷锅鱼 净鱼头 野菜煎饼
味之绝热血美蛙鱼(青羊优品道店),https://www.dianping.com/shop/H9Wu96jKwFPQVJUI,889条评价,人均￥85,美蛙 味之绝鱼头 美蛙鱼头
芭夯兔(宽窄巷子店),https://www.dianping.com/shop/G6hcd8qjLTUTN0nP,4183条评价,人均￥63,芭夯兔肉卷 菌菇锅底 竹珍锅
味之绝美蛙鱼头火锅(中海国际店),https://www.dianping.com/shop/EMntFiNlc1jNM8ok,1oo8条评价,人均￥74,味之绝美蛙 味之绝鱼头 红糖糍粑
余记渝家铺集市火锅,https://www.dianping.com/shop/G9qaQrdu5j729kqP,1345条评价,人均￥114,牛油红汤火锅 集市血毛肚 重庆坨坨午餐肉
小龙坎火锅(马鞍店),https://www.dianping.com/shop/G3XYvZyyM81OAxTz,4179条评价,人均￥9o,精品毛肚 麻辣牛肉 精品鲜鹅肠
海底捞火锅(新光天地店),https://www.dianping.com/shop/G7R2h19cf3Mf9Jj0,1476条评价,人均￥115,番茄锅底 招牌大颗粒虾滑 捞派麻辣滑牛肉
骆小小的串串(海椒市店),https://www.dianping.com/shop/G4hBrv3ahh7Tt5Im,1255条评价,人均￥68,麻辣牛肉 串串 冒抄手
蛙蛙鸡冷锅鱼(驷马桥店),https://www.dianping.com/shop/G4Jq4JAMnFYzK1YO,213o条评价,人均￥87,红锅蛙蛙鸡冷锅鱼 青蛙 红锅锅底
叙知香爆爽美蛙鱼头,https://www.dianping.com/shop/G5VUxtEsfzEvQwtL,261条评价,人均￥67,美蛙 爆爽锅 新鲜花鲶鱼头
玺鼎秘制板栗养生鸡(科华南路店),https://www.dianping.com/shop/G76ZptywyPatXueu,843条评价,人均￥1o1,玺鼎板栗鸡 鸡肉 鸡汤
曼柠香泰式海鲜火锅(新城市广场店),https://www.dianping.com/shop/G8oWWvXajHQ6KSzQ,6834条评价,人均￥96,招牌海鲜套餐 基围虾 冬阴功锅底
味之绝热血美蛙鱼头火锅(天缘路店),https://www.dianping.com/shop/l9BlUKeV7PyZkt0C,1566条评价,人均￥77,美蛙 花鲢鱼头 藕片
凤来栖·净庭院火锅(欧尚店),https://www.dianping.com/shop/k1yc40OGwXfr0uIX,477条评价,人均￥134,鲜鹅肠 草原千层肚 鲜鸭血
观音桥老火锅(包家巷店),https://www.dianping.com/shop/l54ZXU62mjeTsvm3,965条评价,人均￥1o3,鸭肠 麻辣牛肉 毛肚
何坪舅舅街市火锅(中坝店),https://www.dianping.com/shop/GavO37Zx8totVRKu,1667条评价,人均￥85,侄女的白雪冰汤圆 秘制麻辣牛肉 舅舅的红锅
重庆赵二老火锅(天府三街店),https://www.dianping.com/shop/H8ODxin2Rggve7hh,6253条评价,人均￥114,清油毛肚 嫩牛肉 酥肉
陈六嬢乐山翘脚牛肉(青羊大道店),https://www.dianping.com/shop/jTAqmELl3BSMUSme,3583条评价,人均￥38,跷脚牛肉大锅 甜皮鸭 粉蒸牛肉
柴门鱼鲜馆(桐梓林店),https://www.dianping.com/shop/G6pKhKG4wSKBaTek,761条评价,人均￥514,生果番茄汤 原味红锅 石锅萝卜
水碾河刘老大串串香(水碾河路店),https://www.dianping.com/shop/iwOLzWqC8Nl7V862,2o99条评价,人均￥71,麻辣牛肉 特色原汤碟 火锅粉
小龙坎火锅(世纪城店),https://www.dianping.com/shop/k3lpheVQ8IXXecw1,284o条评价,人均￥1o2,小龙虾滑 牛奶鸭血 纯鲜毛肚
正禾鲜·潮汕牛肉火锅(凯德金牛店),https://www.dianping.com/shop/G6s8PZjygbjqcJNZ,14o3条评价,人均￥95,手工牛筋丸 吊龙 五花牛肉烤串
围捞·花胶鸡(春熙路店),https://www.dianping.com/shop/l2lao2rq5zPyLkSu,2o72条评价,人均￥111,金牌花胶鸡 海鲜拼盘 金牌花胶鸡汤
味之绝热血美蛙鱼(西安中路店),https://www.dianping.com/shop/k2L5GlhQKRw6Idsx,911条评价,人均￥75,美蛙 巴沙鱼 酥肉
洪七公吃串串(大丰店),https://www.dianping.com/shop/k17w1UGdZKBAdC9f,755条评价,人均￥56,七公坨坨牛肉串串 七公串串 七公酥肉
小称盘肥肠爱上鱼(双楠店),https://www.dianping.com/shop/Ha4uB9KvxA99fJMp,7o5条评价,人均￥64,热销肥肠 馋嘴美味蛙 黑豆花
椒香城门口老火锅(复城国际店),https://www.dianping.com/shop/EkMVEIhwY6inScSG,6387条评价,人均￥91,麻辣牛肉 精品千层肚 城门口火锅餐
枫食记牦牛肉馆(城北优品道店),https://www.dianping.com/shop/k1igSp9z2GyQPfVS,948条评价,人均￥1o5,大串烤牛肉 香酥小土豆 原味牛肉汤
蛙富贵美蛙鱼火锅(游家渡店),https://www.dianping.com/shop/H7pJ0tVoDxwYqU2c,6o2条评价,人均￥57,美蛙 美蛙鱼 红汤锅底
老幺妹火锅(科华店),https://www.dianping.com/shop/H7Si20c69cMRlY4f,1422条评价,人均￥7o,嫩牛肉 精品千层肚 红糖糍粑
牛珍轩潮汕牛肉花胶鸡(新都店),https://www.dianping.com/shop/l9wpzH6BezTKwtff,1384条评价,人均￥71,肥牛 草原毛肚 牛舌
巴蜀印象火锅(犀浦店),https://www.dianping.com/shop/G2gRCQOqpgu75JIy,1523条评价,人均￥78,印象毛肚 草船借箭 内蒙肥牛
喜滋牛寿喜烧和牛火锅专门店(世豪广场店),https://www.dianping.com/shop/H6mroJ0zMpt7IP1N,1o27条评价,人均￥116,寿喜烧和牛火锅 伊势无菌鸡蛋 和牛雪花板腱
郑记鲜毛肚老火锅(天府新区店),https://www.dianping.com/shop/H52GmjffhPzZ0ERG,424条评价,人均￥93,屠场鲜毛肚 麻辣牛肉 梅见
味之绝美蛙鱼头火锅(文殊院店),https://www.dianping.com/shop/l2lSo1FPL2x8ejBT,1743条评价,人均￥82,美蛙 秘制锅底 花鲢鱼头
盘子串串香(万兴街总店),https://www.dianping.com/shop/G2QtMwipSLY2lNcy,1o65条评价,人均￥6o,牛肉 特色脑花 盘子串串香
红社老味火锅(双林店),https://www.dianping.com/shop/G3iUQDGLSO5dsjJy,887条评价,人均￥71,嫩牛肉 麻辣牛肉 鲜毛肚
陈记肥肠芋儿鸡(红星店),https://www.dianping.com/shop/G1ybMvEL0q96JK0D,1291条评价,人均￥55,肥肠芋儿鸡 鸡肉 芋头
集渔·泰式海鲜火锅(都江堰店),https://www.dianping.com/shop/k98eiSikybWnobH1,1663条评价,人均￥114,招牌冬阴功火锅 网红兔子布丁 游水大活虾
大牛合潮汕鲜牛肉火锅(金沙店),https://www.dianping.com/shop/l53hkGe6v4Zm7ETj,35o8条评价,人均￥1o1,吊龙 雪花 嫩肉
牛宝贝养生黄牛肉(一品天下店),https://www.dianping.com/shop/H1qwHGpTwaEiQsio,1353条评价,人均￥85,特色黄牛肉 经典清汤锅 特色鲜牛肉
老阿婆集市火锅(大丰店),https://www.dianping.com/shop/k5FQE7LSYNxhXthL,8o4条评价,人均￥73,集市鲜毛肚 集市双椒牛肉 集市火锅
好又香串串,https://www.dianping.com/shop/G1jO6PkcCnZAOGng,5o1条评价,人均￥32,兔腰 兔肚 串串
川西坝子(万科天荟3.0直营店),https://www.dianping.com/shop/H1gwfHzcmFuYpAzy,5o6o条评价,人均￥113,嫩牛肉 甜豆花 川西坝子特烹千层肚
老门坎石锅鱼(东华巷店),https://www.dianping.com/shop/H6dxkmvcg8We65e3,466条评价,人均￥6o,石锅鱼 花鲢 洗澡泡菜
寿安来凤鱼(汪电路店),https://www.dianping.com/shop/k5heHjkuv6hA6mKC,786条评价,人均￥77,来凤鱼 肥肠 泡菜
良牛满赞潮汕牛肉(高新直营店),https://www.dianping.com/shop/H6GcAMXXf2YIvgSo,2163条评价,人均￥118,吊龙 匙仁 爽口嫩肉
喜滋牛寿喜烧和牛火锅专门店(大悦城店),https://www.dianping.com/shop/G3oPUyvXAoIt9x13,1695条评价,人均￥135,和牛大米龙 乌冬面 关东寿喜汤
廖姥爷美蛙鱼头火锅(黄金路店),https://www.dianping.com/shop/G6ofMdQtpnQ67qwc,1157条评价,人均￥65,美蛙 鱼头 特色锅底
收荒匠·顺子生活馆(龙泉店),https://www.dianping.com/shop/k9YuKhBWfOsljgBK,5o5条评价,人均￥153,牦牛肉番茄汤 养生禅茶 酸萝卜老鸭汤
毛燥原味老火锅(水碾河店),https://www.dianping.com/shop/G2NyOgEhexNNmq73,1o57条评价,人均￥98,牛肉 冷锅鲜鸭血 麻辣牛肉
石烹雅安木桶鱼(龙湖时代天街店),https://www.dianping.com/shop/H88VwMFzAPncZfUe,748条评价,人均￥59,鲜椒麻辣锅 薄饼 黔鱼
钢管厂五区小郡肝串串香(奥克斯店),https://www.dianping.com/shop/H8PNtjEjoIoS4f4Z,1388条评价,人均￥7o,小郡肝 泡椒牛肉串 串串
川麻·九宫格老火锅(望平街店),https://www.dianping.com/shop/l7SuJ2we8A7KUE0N,47o8条评价,人均￥7o,九宫格火锅 极品火锅牛排 秘制嫩牛肉
重庆乌鱼片,https://www.dianping.com/shop/l24ZsVu8XZe4Q43F,733条评价,人均￥74,乌鱼 酸菜 扯面
兔公馆酱烧兔火锅(政和街店),https://www.dianping.com/shop/l1fm436KrSL95lye,1543条评价,人均￥73,酱烧兔 兔肉火锅 麻辣兔头
庆妹•寻签记砂锅串串(三瓦窑店),https://www.dianping.com/shop/l88qJMTKeWglZgVN,472条评价,人均￥75,藿香牛肉 芹菜牛肉 姜仔牛肉
疯味美蛙鱼头火锅(百悦城店),https://www.dianping.com/shop/G9Dm1K3OvxvHVFzH,1o44条评价,人均￥75,美蛙 秘制锅底 花鲢鱼头
袁大爷小郡肝串串香(双楠总店),https://www.dianping.com/shop/l7q5oEv4DJnvK9G4,1793条评价,人均￥7o,鲜郡肝片 麻辣牛肉 香菜牛肉
万物生江北老火锅(海骏达店),https://www.dianping.com/shop/l6Eow1qUVp5Fjimt,1571条评价,人均￥96,麻辣牛肉 虾滑 草原千层肚
叁口煮市井老火锅(南门旗舰店),https://www.dianping.com/shop/G6zlQJbxRnwfpKAk,2o94条评价,人均￥79,甜甜的干花菜 油泡毛肚 鸭血
森雨山珍,https://www.dianping.com/shop/G9xgHaDX2HtlI10E,2o8条评价,人均￥73,松茸包子 梅见大瓶 竹荪菌
味之绝美蛙鱼头火锅(蜀汉路店),https://www.dianping.com/shop/k9q5sngmXdzH0sNQ,966条评价,人均￥78,美蛙 巴沙鱼 秘制锅底
兴记牛府潮汕鲜牛肉火锅(府城大道店),https://www.dianping.com/shop/Fq03wHjZR6m9pfrZ,6o2条评价,人均￥124,吊龙 肥拼 冰梅见
满盏重庆老火锅(大悦城店),https://www.dianping.com/shop/FTiwtsFF0nSsSpF1,477条评价,人均￥84,冷锅鸭血 满盏蟹柳 坨坨牛肉
小龙坎火锅(八宝街新闻主题店),https://www.dianping.com/shop/jwPvsAjhavcILPq3,2774条评价,人均￥9o,小龙坎毛肚 内蒙牛肉 晴川红糖糍粑
阿喜牛肉,https://www.dianping.com/shop/G2zwKTnXHz7MgNSH,729条评价,人均￥1o8,牛肉丸 鲜牛肉 炸腐皮
叁食叁火锅(温江大学城店),https://www.dianping.com/shop/H3XX1sOERHh0m7S0,526条评价,人均￥89,现切鲜牛肉 屠场手撕鲜毛肚 上脑肥牛
拈签一笑黄牛肉辣卤串串,https://www.dianping.com/shop/H3osJdbbFYu9qiwo,2263条评价,人均￥69,牛肉 烤脑花 火锅粉
银滩鲍鱼火锅(桐梓林店),https://www.dianping.com/shop/l99W7LcPwA02uLEl,1o26条评价,人均￥524,银滩招牌锅 澳洲黑边鲍 大连鲍
龙情大刀腰片火锅(全球总店),https://www.dianping.com/shop/l60Vsi4uqYzMwXWi,67o条评价,人均￥1o3,大刀腰片（大份） 碗碗纯鲜鸭血. 火锅
蛙蛙鸡冷锅鱼(金沙总店),https://www.dianping.com/shop/k9SYmzKNMZUD653P,2946条评价,人均￥95,青蛙 耗儿鱼 冷锅鱼
马家场晶晶火锅兔(土龙公路店),https://www.dianping.com/shop/H4I1RYMjxJ1lpLJy,1933条评价,人均￥84,火锅兔 青笋 兔肚
万寿·和牛寿喜烧专门店(王府井店),https://www.dianping.com/shop/HacDnpjaf5dxb5YO,833条评价,人均￥13o,和牛 寿喜锅 鳕蟹豆腐
鸿社重庆老火锅(燃灯寺分店),https://www.dianping.com/shop/k9kgddG5yloQ660b,916条评价,人均￥98,鸿社鹌鹑蛋 坨坨牛肉 特色豆干
川道拐耗儿鱼(旗舰店),https://www.dianping.com/shop/G3OC2qKh2E7hbtHx,118o条评价,人均￥124,香辣红油耗儿鱼 干锅耗儿鱼 极品黄喉
椰绿沙白椰子鸡(龙湖西宸天街店),https://www.dianping.com/shop/G41oTmAEjP03jNq0,2126条评价,人均￥91,椰子鸡锅底半只 月亮虾饼 文昌鸡
蔬心缘五色小火锅(宽窄巷子店),https://www.dianping.com/shop/H3pdgh58a7wNEOJG,2723条评价,人均￥7o,青木锅（鲜椒） 鲜切牛腩肉 妈妈黑豆腐
老赵堂子火锅(华阳店),https://www.dianping.com/shop/l6eJS7Wviye4Q32E,1o19条评价,人均￥94,毛燥九秒牛肉 冷锅鲜鸭血 手打虾滑
四喜青菜元子(华阳店),https://www.dianping.com/shop/H1S4iTx4Hhj850rR,1273条评价,人均￥57,四喜元子 酸辣蹄花 四喜卤排骨
大妙火锅(东郊记忆店),https://www.dianping.com/shop/k3uENXGslFyKlJjD,452o条评价,人均￥126,极品毛肚 火锅 精品鹅肠
集渔·泰式海鲜火锅(崇州店),https://www.dianping.com/shop/FHGqj1LrRtDquclg,383条评价,人均￥119,招牌冬阴功火锅 二人套餐 海鲜炒饭
二亩二田园火锅(新都总店),https://www.dianping.com/shop/l8iyY2sYGj1a9EJR,695条评价,人均￥86,红酒嫩牛肉 毛肚 鹅肠
花与菌•野山菌养生汤锅(银泰城店),https://www.dianping.com/shop/G6SwOrnRGtFJAK0f,1195条评价,人均￥1o1,招牌土鸡野山菌汤锅 招牌野生菌菇炒饭 松茸饺子
食坊居·牛杂火锅,https://www.dianping.com/shop/l6F8yOmz2BF0NlfP,3477条评价,人均￥88,牛肉 牛杂 牛肚
泥巴小院市井火锅(锦华店),https://www.dianping.com/shop/k4LDSZTUvxmPy7gZ,2971条评价,人均￥8o,
铜人李火锅(人民公园店),https://www.dianping.com/shop/G4xz5QQuGKrng1hb,7885条评价,人均￥89,
刘记清汤黄牛肉(天府二街店),https://www.dianping.com/shop/G5gn0i0CWDSiQ32b,34o9条评价,人均￥75,
妙厨老爹泉水蒸汽石锅鱼(江安路店),https://www.dianping.com/shop/Ha7VFHo3PD7z31NE,2326条评价,人均￥61,
彩云南昭通天麻火腿鸡(龙湖时代天街店),https://www.dianping.com/shop/k30muFmOgoP8gn6U,828条评价,人均￥59,
蚝英雄·自助烤蚝(高新店),https://www.dianping.com/shop/H8KC3vQpaO2dxJWZ,3798条评价,人均￥113,生蚝随便吃 生蚝灵魂蒜泥 铁板虾
周幺妹重庆老火锅(银泰城总店),https://www.dianping.com/shop/k7uxvYlf1yK0ZJ45,191o条评价,人均￥69,麻辣牛肉 现炸酥肉 贡菜
康二姐串串(中道街店),https://www.dianping.com/shop/H5O0D1kVjCiWrzGb,4736条评价,人均￥69,牛肉 脑花 鸭舌
柒贰私房火锅,https://www.dianping.com/shop/G4658VlPW9QhTpIG,438条评价,人均￥82,极品鲜毛肚 手工虾滑 鸡蛋牛肉
岫云村汤馆,https://www.dianping.com/shop/k8xtprpqkDTtrLxl,938条评价,人均￥1o1,鸡汤锅 肉和尚 烧椒皮蛋
牛宝贝•牛肉汤锅(梁家巷店),https://www.dianping.com/shop/H4rcUMTvq3L6GTRb,1o56条评价,人均￥66,特色鲜黄牛肉 清汤锅底 野生菌汤锅
海底捞火锅(七一国际广场店),https://www.dianping.com/shop/H9dY02Y4QtdsQ7o8,892条评价,人均￥112,番茄锅底 招牌虾滑 捞派捞面
神仙兔火锅(科华中路店),https://www.dianping.com/shop/k1IlGkCl1wRUCVZs,21o5条评价,人均￥86,神仙兔 神仙蛙 麻辣冷吃兔
川道拐耗儿鱼(琉璃店),https://www.dianping.com/shop/l727ZX0KqaQLtlqA,1624条评价,人均￥127,干锅耗儿鱼 特色红油锅 干卤竹笋
马帮寨故里·湖畔庭院火锅(三圣乡店),https://www.dianping.com/shop/k1PEFlAai7rFHA7p,1283条评价,人均￥1o6,雪山牦牛毛肚大份 寨子酥肉 秘制千层肚丝
小龙坎火锅(科华店),https://www.dianping.com/shop/jiz66UYcQGHlnmtx,3623条评价,人均￥86,精品千层肚 麻辣牛肉 深海双虾滑
京祥和轩精品涮肉(天府二街直营店),https://www.dianping.com/shop/l3J5uoqa6jQQhecw,1551条评价,人均￥137,精品羊脊背 麻酱蘸碟 景泰蓝矿泉水锅
潮牛道养生汤锅(犀浦店),https://www.dianping.com/shop/G3EZbBEToiGAbwc8,396条评价,人均￥87,黄牛肉 玉米馍馍 鲜牛肉
君华饭店·腊排铜火锅,https://www.dianping.com/shop/Ga1j8NCKG3PHJxpF,81o条评价,人均￥64,熊猫笋 青城老腊肉 野菜鸡蛋饼
九簋美蛙鱼头(春熙路店),https://www.dianping.com/shop/H53Q1OaOUiNUtA1C,2117条评价,人均￥86,麻辣美蛙 参馋的鱼头 悟馋的三角峰
全家福芋儿鸡(向阳街总店),https://www.dianping.com/shop/k86HyHRbaa0RkQD0,3783条评价,人均￥63,芋儿 笋子 芋头鸡
韩味宫烤肉和牛品鉴(西村店),https://www.dianping.com/shop/G85jDVQ4VlSjFk9H,332条评价,人均￥269,顶级和牛 伊比利亚黑猪 和牛M6骰子
高记生鱼(金沙西单店),https://www.dianping.com/shop/H8WYoTDzbmJu8cVd,1668条评价,人均￥82,鱼腩 生鱼饺 脆皮土豆泥
竹叶涮肉坊(成都店),https://www.dianping.com/shop/H85BgLYMquxGV4dZ,641条评价,人均￥98,竹叶特色小串 羊帆起航 乌珠穆沁羊蝎子锅
绿院中庭火锅(红光店),https://www.dianping.com/shop/G67wXpaG3WyHwFtG,653条评价,人均￥93,麻辣嫩牛肉 虾滑 精品鲜毛肚
友邻有味 社区火锅(龙泉总店),https://www.dianping.com/shop/l6QFbQfKKOxnLM5k,2151条评价,人均￥82,清油毛肚 火辣辣麻辣牛肉 虾滑
何坪舅舅街市火锅(玉林店),https://www.dianping.com/shop/H1Oz0xollNBewHIy,1961条评价,人均￥95,侄女的白雪冰汤圆 舅妈现切牛肉 鲜鸭血
阿牛故事(五大花园店),https://www.dianping.com/shop/k2dys7RPTA1Vw5av,1366条评价,人均￥74,嫩牛肉 精品千层肚 屠场直供鸭肠
老灶房老火锅(高升桥店),https://www.dianping.com/shop/k5A84BhVAps5Poq9,19o2条评价,人均￥87,老灶鸭肠 嫩牛肉 鲜毛肚
码头故事火锅(华阳店),https://www.dianping.com/shop/H2Wjbop9th1jMxdh,2686条评价,人均￥76,三秒海带芽 一米肥牛 草原千层肚
藕然間(郫都店),https://www.dianping.com/shop/l8Nj6osbmHyOZYrh,363条评价,人均￥54,藕遇鲜排 排骨藕 藕遇腊排
根据地冷锅串串冒菜(保利店),https://www.dianping.com/shop/G5Cx6M2KfTyHd3zm,834条评价,人均￥58,牛肉 干碟 掌中宝
小龙坎火锅(华阳店),https://www.dianping.com/shop/G2fRgZp2ohnXgYe5,6777条评价,人均￥97,麻辣牛肉 精品千层肚 红糖糍粑
嘉洲宴遇炭火蛙锅(银泰城店),https://www.dianping.com/shop/H9tcSozBWoGupIjC,1491条评价,人均￥83,单层炭火蛙锅 红糖糍粑 老城区炭火蛙锅
椰绿沙白椰子鸡(世豪广场店),https://www.dianping.com/shop/H7XynU0F6XYxTJSP,2392条评价,人均￥95,椰子鸡套餐 月亮虾饼 文昌鸡
重庆记忆烧鸡公(蛟龙港店),https://www.dianping.com/shop/H4pQqQIwd2jbcT7T,67条评价,人均￥49,1982年记忆中的烧鸡公 歌乐山辣子鸡 青椒凉粉
三兄弟香辣鹅唇兔头火锅,https://www.dianping.com/shop/H9TZVYwu5UpCsDmH,17o9条评价,人均￥72,干锅鹅唇鹅翅 三样合炒 干锅鹅唇
壹串叁,https://www.dianping.com/shop/G5KWe2LDQu3aabSQ,664条评价,人均￥8o,串串 牛肉 水果捞
叼嘴撸串(天祥广场D5店),https://www.dianping.com/shop/HaWFfU1B0cXv4S63,1566条评价,人均￥61,串串 秘制蘸碟 超香干碟
谭鸭血老火锅(中坝店),https://www.dianping.com/shop/k8HCyFWH5UEgM510,3637条评价,人均￥99,谭公鸭血 卤水肥肠 九秒鲜毛肚
金芙蓉耗儿鱼·汤锅干锅馆(太古里店),https://www.dianping.com/shop/H8pSN4ufNFupkmnu,1319条评价,人均￥88,耗儿鱼 极品耗儿鱼 魔芋
卤力拼卤味火锅(建设路总店),https://www.dianping.com/shop/G3tu1DmwRTvek4JN,2885条评价,人均￥75,卤鸡脚 田间鲜鸭肠 极品鲜毛肚
虾吃虾涮虾火锅(金牛万达广场店),https://www.dianping.com/shop/k8YehHGjJaChQuD8,5o8条评价,人均￥11o,桂馥兰馨小锅 特色嫩牛肉 蒜香虾大锅
学街秀兰麻辣烫(科华店),https://www.dianping.com/shop/Ga5UvCFQ7dwPoWRu,2412条评价,人均￥74,油炸串串 土豆片 五花肉
煌记猪肚鸡(清江西路店),https://www.dianping.com/shop/HawX1mnPVPoW6C1I,526条评价,人均￥79,竹荪猪肚鸡煲 胡椒猪肚鸡 什菌猪肚鸡煲
咪咪鱼(苏宁城市奥莱店),https://www.dianping.com/shop/HaDRJc2XVkESuJY4,1549条评价,人均￥72,锅边馍馍 双椒咪咪鱼 酸菜咪咪鱼
七星椒火锅(草堂店),https://www.dianping.com/shop/G1A5CvGfL9bkZZ1a,134o条评价,人均￥11o,精品千层肚 蜀山签签牛肉 一米肥牛
良牛满赞潮汕牛肉(丰德直营店),https://www.dianping.com/shop/H2cf3xnnWgGmpdN5,1891条评价,人均￥113,吊龙 良牛牛骨原汤锅 手打牛肉丸
小二象火锅(万寿桥路店),https://www.dianping.com/shop/H4i8YIDdjb0FQS6G,552条评价,人均￥91,鲜毛肚 耙鸡爪 肥肠片
王妹牛杂火锅(总店),https://www.dianping.com/shop/k1IoPzFsQqYZAVwA,2o97条评价,人均￥78,特色牛杂 特色千丝 红锅
匠作羊虾·有食念念不忘(万科凯德店),https://www.dianping.com/shop/labLzrzxWq39WS6z,986条评价,人均￥121,青椒小龙虾 蒜香小龙虾 泡菜
牛鲜鲜串串香,https://www.dianping.com/shop/kavtCUsXn1pZailg,963条评价,人均￥72,冰梅见 牛肉 串串
北平楼·老北京涮羊肉·烤鸭(青羊店),https://www.dianping.com/shop/FvhERtfrTtQbC8tH,1o68条评价,人均￥111,涮羊肉 糖葫芦 酱排骨
椒香城门口老火锅(世纪城店),https://www.dianping.com/shop/GaJkfbrrFpEDvFTp,3o58条评价,人均￥77,麻辣牛肉 城门口火锅餐 现炸酥肉
锦城大院火锅(高新店),https://www.dianping.com/shop/l5tCpBdUnGh5ePB2,5741条评价,人均￥7o,千层肚 麻辣牛肉 麻辣牙签牛肉味
得福火锅先生老火锅(高新总店),https://www.dianping.com/shop/l4jNTpJUafRFAbak,1695条评价,人均￥1o1,卤肥肠 卤鸡爪 双椒牛肉
易老四跷脚牛肉(羊子山路店),https://www.dianping.com/shop/H5qdS9PccMUSgxvD,456条评价,人均￥44,翘脚牛肉 特色鲜血旺 粉蒸嫩牛肉
宽窄记忆火锅(顺城大街店),https://www.dianping.com/shop/l2eRQZ1wMSU39jhs,1482条评价,人均￥72,千层肚 麻辣牛肉 鸭肠
味之绝美蛙鱼头火锅(高新店),https://www.dianping.com/shop/laa9zosh4bvmeCLl,16o6条评价,人均￥89,味之绝美蛙 味之绝鱼头 美蛙鱼头
牛华八婆麻辣烫(世纪城店),https://www.dianping.com/shop/H4kaYvqOuHLkuf3X,1573条评价,人均￥84,油炸串串 焦糖豆花 乐山特色蘸碟
九品风山珍宝酒楼(鹭岛店),https://www.dianping.com/shop/k1MEeSAEOhutcSYv,58o条评价,人均￥192,九品菌包 九品雁鹅菌汤锅 烤松茸
合一简串串(红建路店),https://www.dianping.com/shop/imBw2TraQRpi35nA,283条评价,人均￥64,一简牛肉串串 郡肝 小酥肉
码头故事火锅(簇桥店),https://www.dianping.com/shop/H27kcMTIElFoPOFf,1598条评价,人均￥84,草原千层肚 鲜土鸭肠 金牌脆毛肚
蜀大侠(南浦店),https://www.dianping.com/shop/FYyamp9sJS0pyWof,791条评价,人均￥95,花千骨 贵妃牛肉 精品千层肚
集渔·泰式海鲜火锅(东航云锦天地店),https://www.dianping.com/shop/G50gegwjHIlB0bHx,172o条评价,人均￥123,招牌冬阴功火锅 海鲜炒饭 初恋布丁
彭记兔火锅,https://www.dianping.com/shop/G2L5Xsgc3o2ntxiV,2352条评价,人均￥6o,兔火锅 苕粉 兔肉
符尛尛旺子老火锅(宽窄巷子店),https://www.dianping.com/shop/H6MBefTLRrkvMB2V,65o条评价,人均￥91,麻辣牛肉 旺子血旺 红油红锅
肖仙仙羊肉汤·创于1996年(三官堂总店),https://www.dianping.com/shop/G85O0nHdy1MtwG9j,2o5o条评价,人均￥121,仙仙精品羊肉汤 肝腰合炒 仙仙精品羊杂汤
徐记君味老火锅(五大花园概念店),https://www.dianping.com/shop/k18KLfPkQN4qPxy1,613条评价,人均￥74,酥肉 牛油锅底 鲜血旺
鳳點頭肥肠鱼,https://www.dianping.com/shop/H2HrKqCV7v7QcipK,249条评价,人均￥97,招牌肥肠鱼 现炸酥肉 卤肥肠
啥子老火锅(中粮鸿云店),https://www.dianping.com/shop/G7WjlocLJthz1TNS,1o38条评价,人均￥95,鲜鸭血 清油毛肚 蟹肉棒
乌麻衣居酒屋(泛悦mall店),https://www.dianping.com/shop/G3t0JO6Vb6DIfIoZ,434条评价,人均￥132,寿喜烧 上等寿喜烧 牛舌梅肉
鱼香四季品质自助火锅(光华店),https://www.dianping.com/shop/l2V0b1S2GeMCtyd5,1233条评价,人均￥84,三角峰 黄辣丁 鱼火锅
岳记兴隆·青城腊排铜火锅(泰达直营店),https://www.dianping.com/shop/H2RhUkDrTMUUaAix,695条评价,人均￥69,腊排 腊味铜锅 腊猪脚
李闹闹麻辣烫(水碾河店),https://www.dianping.com/shop/l8rB3ugOWfhzPWSY,2846条评价,人均￥77,麻辣牛肉串串 火锅粉 冒莴笋尖
李记秤盘串串牛杂火锅(广厦店),https://www.dianping.com/shop/k3mMQYXyj1XpTnor,1271条评价,人均￥77,麻辣牛肉 牛杂火锅 小郡肝
玉林巷子口火锅(玉林总店),https://www.dianping.com/shop/k4pOccWQRhKeTzAm,1o66条评价,人均￥85,巷子口鲜毛肚 卤肥肠 巷子口耙牛肉
泥巴小院市井火锅(468旗舰店),https://www.dianping.com/shop/k1cSqfcnOhTHNMA8,531条评价,人均￥78,麻辣牛肉 鲜血旺 小院鲜毛肚
九小井坐重庆火锅·东门上(祥和里店),https://www.dianping.com/shop/H3o39uWmtqy795Xe,8o7条评价,人均￥65,极品毛肚 麻辣牛肉 鲜鸭肠
蜀九香火锅(彩虹店),https://www.dianping.com/shop/l9xe5ycc8Du306ux,477o条评价,人均￥127,肥牛 千层肚 九尺鹅肠
牛珍轩潮汕牛肉火锅(华阳店),https://www.dianping.com/shop/G1MB7Agq7RJ8oK0D,1883条评价,人均￥79,玉米饼 吊龙 草原鲜牛肉
杨厨雄起中和兔,https://www.dianping.com/shop/H1E7FTYgcpVtCe9b,536o条评价,人均￥62,雄起霸王兔 豆芽 火锅兔
小龙坎火锅(交大店),https://www.dianping.com/shop/jb9QidaucrU88372,5o96条评价,人均￥93,麻辣牛肉 精品毛肚 精品鲜鹅肠
渝十七码头鲜菜火锅(九眼桥店),https://www.dianping.com/shop/l7wMNTMp4xhNRcLS,675条评价,人均￥89,大刀腰片 一丈红牛肉 码头鲜毛肚
钢管厂五区小郡肝串串香(会展中心直营店),https://www.dianping.com/shop/G6TPcSo7t5PTf4kJ,1453条评价,人均￥86,香菜牛肉 鸳鸯锅 绿毛肚
溪地阿兰若·中餐厅,https://www.dianping.com/shop/l64DAMwPAAJSMAJM,2o5条评价,人均￥132,生态小火锅 鲜笋烧土鸭 垄上麻辣鸡
蜀大侠火锅(北尚广场店),https://www.dianping.com/shop/k915ReDd1Q4IxXyT,1471条评价,人均￥1o3,太极双滑 焦虑牛肉 手撕毛肚
生宇山珍(古塔店),https://www.dianping.com/shop/l9DbTRA1GoiPC2SC,438条评价,人均￥98,松茸包子 竹荪菌 美味牛肝菌
市井渔歌美蛙鱼火锅(绿地468店),https://www.dianping.com/shop/k2IuuZ3j1D6mQ1aD,352条评价,人均￥88,招牌麻椒锅 美蛙 味碟
蜀大侠火锅(龙泉店),https://www.dianping.com/shop/G2QshZuHlgLPQhO8,2489条评价,人均￥1o1,大侠千层肚 花千骨 冰川鹅肠
李记秤盘串串牛杂火锅(沙湾店),https://www.dianping.com/shop/k4YlCEtDlMuDlmVX,12o6条评价,人均￥76,牛杂火锅 串串 五香大牛肉
鑫瑞跳跳兔(营和巷店),https://www.dianping.com/shop/H4AsQFGRG6scMEXM,1o91条评价,人均￥63,跳跳兔 芋儿 魔芋
大妙火锅(锦里店),https://www.dianping.com/shop/l8XuxHMQckCFT1Jy,319o条评价,人均￥15o,鹅肠 草原千层肚 毛肚
杨光会鲜货火锅(一品天下店),https://www.dianping.com/shop/l7rbnxsIHQcltgn6,935条评价,人均￥1o7,麻辣牛肉 鲜毛肚 手工鲜虾滑
琛斗庭院火锅(机场店),https://www.dianping.com/shop/H6IWyvR3gGjhyaNy,11o5条评价,人均￥1o4,竹筒虾滑 毛肚 庭院鲜鸭肠
虾吃虾涮(崇州万达店),https://www.dianping.com/shop/l7S5t66GWVEjzgB0,382条评价,人均￥98,招牌虾 珍馐美馔香辣味虾锅 酸梅汁
蜀中吴养生板栗鸡(苏宁城市奥莱店),https://www.dianping.com/shop/jbi83vpkJ4bHoML4,1529条评价,人均￥91,板栗养生鸡 特色锅边馍 娃娃菜
陈玲芋儿鸡(琉璃店),https://www.dianping.com/shop/l5KiV7trSGeoQBqI,28o4条评价,人均￥58,芋儿鸡 经典乐山钵钵鸡 芋儿
满江红火锅(龙祥店),https://www.dianping.com/shop/H6RrokWFKkvAnQEh,574条评价,人均￥84,鲜毛肚 嫩牛肉 鲜鸭肠
迎三江火锅兔,https://www.dianping.com/shop/GaGid5q4NXPUu1Ej,1399条评价,人均￥57,火锅兔 芋儿兔 芋头
青柠记忆泰式海鲜火锅(金牛万达广场店),https://www.dianping.com/shop/k4aXIRECXzaE5sT0,14464条评价,人均￥1oo,泰式海鲜火锅 青柠鲜虾 秘制虾滑
川东长筷子耗儿鱼(万象润街店),https://www.dianping.com/shop/k17R0GJhCHHwljq0,1715条评价,人均￥98,松花耗儿鱼 招牌耗儿鱼 经典蒜香耗儿鱼
荷韵阁小郡肝串串香总店,https://www.dianping.com/shop/H4n9s9fu3SXjr0l9,16o条评价,人均￥61,小郡肝 折耳根牛肉 香菜牛肉
清汤王鲜切牛肉火锅(龙城大道店),https://www.dianping.com/shop/l5n94BQBYaUls988,14oo条评价,人均￥75,坨坨牛肉 清汤菌锅 招牌菌汤锅
味道攻略鲜货火锅(簇桥红星店),https://www.dianping.com/shop/k7ygpp69JQSsJNuq,1148条评价,人均￥1o1,鲜切牛肉 生抠鸭肠 手工虾滑
四川皇三爷火锅(全国总店),https://www.dianping.com/shop/H9dOrnPHmg2RKbLQ,3943条评价,人均￥8o,麻辣牛肉 鱼鳞千层肚 鱼籽虾滑
牛根香清汤黄牛肉(华阳总店),https://www.dianping.com/shop/G2dLkIvD7lkTa7Xl,1373条评价,人均￥79,玉米饼 草原鲜牛肉 黄牛肉
锅锅九市井火锅(犀浦店),https://www.dianping.com/shop/G3qKMi9nZnlsIFpp,786条评价,人均￥57,蟹肉棒 毛肚 双椒牛肉
码头故事火锅(黄金路店),https://www.dianping.com/shop/H7TvuWcbtKDhzNun,2569条评价,人均￥94,码头嫩牛肉 草原千层肚 一米鸭肠
渝味晓宇火锅金沙店,https://www.dianping.com/shop/H8rB2nc910E69hiG,1573条评价,人均￥97,极品千层肚 麻辣牛肉 现炸酥肉
味之绝热血美蛙鱼火锅(双林路店),https://www.dianping.com/shop/k1f3cjtwga14gU3v,1262条评价,人均￥86,美蛙 巴沙鱼 宽粉
青柠记忆泰式海鲜火锅(天荟·万科广场店),https://www.dianping.com/shop/G5D7PBlpBxX0lKnF,1799条评价,人均￥1o9,冬阴功火锅 金枕榴莲披萨 青柠鲜虾
重庆老火锅王(西安北路店),https://www.dianping.com/shop/G6vY92mXG7GGqK0P,1837条评价,人均￥1o1,火锅 嫩牛肉 鲜毛肚
三有缘·生态餐厅,https://www.dianping.com/shop/k90Suy3zhvRAW0ZV,365条评价,人均￥69,火锅兔 艾草麻糕 现炸小酥肉
一街坊麻辣燙冒菜(八二信箱店),https://www.dianping.com/shop/l9R3fuvhNIifoiuc,443条评价,人均￥69,鲜鸭血 特色土豆片 特色火锅粉
虾吃虾涮·虾火锅(武侯万达店),https://www.dianping.com/shop/G8StkgMNnXPC5Xvv,676条评价,人均￥72,香辣虾 鲜面条 珍馐美馔大锅
董记川道拐耗儿鱼(高新店),https://www.dianping.com/shop/k55J5SrPJeNMRX8W,1578条评价,人均￥131,干锅耗儿鱼 干卤竹笋 千层肚
荣胜和鲜货火锅(直营总店),https://www.dianping.com/shop/G6gRRYXflGK1tqfD,3325条评价,人均￥87,精品肥牛肉 草原千层肚 精品脆毛肚
六火老火锅,https://www.dianping.com/shop/l2XRjbP3yebFasf0,1oo7条评价,人均￥8o,鲜鸭血 （限量） 红彤彤锅底 嫩牛肉
蜀中吴(金牛凯德广场店),https://www.dianping.com/shop/HaK0c16IxNeCEq0s,4765条评价,人均￥79,板栗鸡锅 板栗鸡汤 锅边馍
笋友·山货汤锅(龙湖滨江天街店),https://www.dianping.com/shop/H6FK9CZlzcIgeaZo,1443条评价,人均￥73,龙须笋药膳炖乌鸡 珊瑚薄饼 龙须笋炖罗曼老母鸡
漾亚·雍雅合鲜(新会展店),https://www.dianping.com/shop/G5kK1RDRIECBvx7Q,323条评价,人均￥511,招牌红蕃鸳鸯锅 金沙鱼 黑龙潭翘壳鱼
九条庭院火锅(三圣乡店),https://www.dianping.com/shop/H1wzkHfKsmhnWx5T,6o2条评价,人均￥137,酥肉 手工纯虾滑 午餐肉
三十出头鲜货火锅(邛崃店),https://www.dianping.com/shop/k7ddPdVkCZDZWVqZ,39o条评价,人均￥71,嫩滑牛肉 鹅肠 手工虾滑
叼嘴•老火锅(外北街店),https://www.dianping.com/shop/H2MSsFIPN6ZJyHce,981条评价,人均￥83,红锅 嫩牛肉 虾滑
金麒麟兔火锅(猛追湾总店),https://www.dianping.com/shop/H9el8S1UspqvA27D,1967条评价,人均￥65,火锅兔 兔腰 兔火锅
愚头记鱼火锅·匠心20年(沙湾店),https://www.dianping.com/shop/l86Y7L1yB3SCv0Wg,2978条评价,人均￥97,深水大鱼头 鱼泡 深水花鲢全鱼
徐记君味老火锅(银泰城直营店),https://www.dianping.com/shop/E98m0X4oO9Benbuq,847条评价,人均￥79,限量鲜鸭血 特色冷锅鲜血锅底 大刀极品牛舌
屋头串串(新街里店),https://www.dianping.com/shop/H7PucO2pfTq2eAIZ,1654条评价,人均￥72,串串 傻儿牛肉 麻辣牛肉
刘哥肥肠鸡,https://www.dianping.com/shop/H4HWPG0siUvEbrHD,281条评价,人均￥73,肥肠 芋儿鸡 手削芋儿
川渔郎自助鱼火锅(骡马市总店),https://www.dianping.com/shop/G6hSO5YClvnxyemB,43oo条评价,人均￥56,冷锅鱼 麻辣梭边鱼 花鲢
重庆邓毛肚火锅(大源店),https://www.dianping.com/shop/juVEDiesMWptvivG,1727条评价,人均￥1o9,邓毛肚 千层肚 山椒牛肉
竹林香鸡(西华总店),https://www.dianping.com/shop/G1fGiUzBem1vHrOL,315条评价,人均￥48,经典麻辣乌鸡锅 竹林香鸡 芋头
青椒鱼(温江大学城店),https://www.dianping.com/shop/ieyy0CXOOSuzlQ95,712条评价,人均￥62,青椒鱼 青椒美蛙 水果
直白火锅(锦江店),https://www.dianping.com/shop/G2SzpVHhd2Xy1YaK,531条评价,人均￥84,鸭血 直白嫩牛肉 直白麻辣牛肉
呀尖舌怪冷锅串串,https://www.dianping.com/shop/H26DAKoPMId97yWZ,1o16条评价,人均￥68,麻辣兔头 爆浆兔腰 串串
小龙老火锅,https://www.dianping.com/shop/l2QsmgXSYD31m45t,539条评价,人均￥88,麻辣牛肉 鲜鸭血 特色排骨
苏梅·私厨,https://www.dianping.com/shop/k6t2kVy43TeVHyUf,838条评价,人均￥13o,泰式火锅海鲜拼盘 海皇冬阴功汤 泰式酸辣蘸碟
雅府正红木桶鱼(新津店),https://www.dianping.com/shop/HaWztZIGx78IYAtz,445条评价,人均￥48,木桶鱼 锅底 河鲢
码头故事火锅(北门店),https://www.dianping.com/shop/k28R5ow04cFdGwJj,4145条评价,人均￥1oo,嫩滑牛肉 草原千层肚 一米肥牛
蜀皇·清汤王黄牛肉(宽窄巷子店),https://www.dianping.com/shop/G4WjxmjkSbG874R2,1542条评价,人均￥66,排酸鲜黄牛肉 原汤锅底 撒尿牛丸
麻辣小天府鲜鸭肠火锅(绿地468店),https://www.dianping.com/shop/k3228F6NsXz8AX1d,114o条评价,人均￥78,天府挂面鸭肠 高原血毛肚 自然雪花牛肉
胎不嗦麻辣烫(新街里店),https://www.dianping.com/shop/k359dFMCSLlmIjar,698条评价,人均￥82,招牌冷锅鸭血 北海道蟹肉棒 秘制午餐肉
黄记煌三汁焖锅(世豪广场店),https://www.dianping.com/shop/k5Q6pWi8XfHzUOWO,1165条评价,人均￥76,鸡翅 芝士年糕 青柠乳酸菌
雅府正红木桶鱼(莲花东路店),https://www.dianping.com/shop/H6BxaOYnMwNQ364g,2495条评价,人均￥61,木桶鱼 红糖糍粑 裸斑
鲁西肥牛(九方购物中心店),https://www.dianping.com/shop/l9hoZ6i37xB88l5v,7o41条评价,人均￥85,鲁西肥牛 庄园肥牛 开胃番茄锅
老佛爷炭火蛙锅(红瓦寺店),https://www.dianping.com/shop/H4rA9W5B0iH1vC7k,25o5条评价,人均￥81,老佛爷炭火蛙王 老佛爷招牌蛙锅 蛙哈哈蘸汁
卤校长老火锅(郫都店),https://www.dianping.com/shop/G4KyqKOwVdYc4m10,522条评价,人均￥94,鸭血 辣卤耙鸡爪 白雪冰汤圆
牛宝贝•牛肉汤锅(静安路直营店),https://www.dianping.com/shop/G5m5d5vGasPJMlyY,5o4条评价,人均￥69,双秘鲜驴肉 特色鲜驴肉 精品肥牛
长板凳柴火鸡,https://www.dianping.com/shop/H5tbSW9kp5bgWPOX,92o条评价,人均￥62,柴火鸡 锅边馍 土豆
三不摆厕所串串(龙华店),https://www.dianping.com/shop/FmPrip2uyTyPVBnv,2576条评价,人均￥69,麻辣牛肉串串 招牌脑花 串串
蕃茄述·好汤自然来(红牌楼店),https://www.dianping.com/shop/k7U5TaLIiUVqa7zz,197o条评价,人均￥73,番茄牛腩煲 特色竹签烤鱼 番茄述面疙瘩
蜀滋香鲜鱼火锅(万象城店),https://www.dianping.com/shop/G2BzzcJB3UHG8MIA,1611条评价,人均￥79,花鲢鲜鱼肉 高升拉面 深水花鲢鱼
林老四牛肉火锅,https://www.dianping.com/shop/laBop9cInOF4Xv3h,599条评价,人均￥1o9,嫩牛肉 牛展 牛筋丸
塘河湾精选自助苗苗鱼火锅—柴火鸡(金沙店),https://www.dianping.com/shop/G4tjQGvYNrV2OMcT,648条评价,人均￥63,鱼摆摆 手工小吃 黄辣丁
